Sample,Assay,Day_Post_Stim,Media,Treatment,Fold_Change
1,ALP,3,CM,NC10,1.791664531
2,ALP,3,CM,NC10,0.625672835
3,ALP,3,CM,NC10,0.440867381
4,ALP,3,CM,NC10,0.497513713
5,ALP,3,CM,NC10,0.653098888
6,ALP,3,CM,NC10,0.750243502
7,ALP,3,CM,NC10,0.509304352
8,ALP,3,CM,NC10,0.57979187
9,ALP,3,CM,NC10,1.306336184
10,ALP,3,CM,NC10,1.126200035
11,ALP,3,CM,NC10,1.084307907
12,ALP,3,CM,NC10,1.126200035
13,ALP,3,CM,NC10,1.041019375
14,ALP,3,CM,NC10,1.105952173
15,ALP,3,CM,NC10,1.266538663
16,ALP,3,CM,NC10,1.554896142
17,ALP,3,CM,NC10,1.122402798
18,ALP,3,CM,NC10,1.101830899
19,ALP,3,CM,NC10,1.002262909
20,ALP,3,CM,NC10,1.142151821
21,ALP,3,CM,NC10,1.1462662
22,ALP,3,CM,NC10,1.133100185
23,ALP,3,CM,NC10,1.05081259
24,ALP,3,CM,NC10,1.179181238
25,ALP,3,CM,NC100,0.772030553
26,ALP,3,CM,NC100,0.807402471
27,ALP,3,CM,NC100,0.755882504
28,ALP,3,CM,NC100,0.526990311
29,ALP,3,CM,NC100,0.889424309
30,ALP,3,CM,NC100,1.013738658
31,ALP,3,CM,NC100,0.969139283
32,ALP,3,CM,NC100,0.653611524
33,ALP,3,CM,NC100,1.269331471
34,ALP,3,CM,NC100,1.556990749
35,ALP,3,CM,NC100,1.349624716
36,ALP,3,CM,NC100,1.680572526
37,ALP,3,CM,NC100,1.41316111
38,ALP,3,CM,NC100,1.694536568
39,ALP,3,CM,NC100,1.927037877
40,ALP,3,CM,NC100,2.583347879
41,ALP,3,CM,NC100,2.445587328
42,ALP,3,CM,NC100,3.069327299
43,ALP,3,CM,NC100,2.783789344
44,ALP,3,CM,NC100,2.596996503
45,ALP,3,CM,NC100,2.322155935
46,ALP,3,CM,NC100,2.847150792
47,ALP,3,CM,NC100,2.451347459
48,ALP,3,CM,NC100,2.775560584
49,ALP,3,CM,NC200,1.069645662
50,ALP,3,CM,NC200,1.156222726
51,ALP,3,CM,NC200,1.963344388
52,ALP,3,CM,NC200,2.740443358
53,ALP,3,CM,NC200,1.89492058
54,ALP,3,CM,NC200,2.547739571
55,ALP,3,CM,NC200,1.966137197
56,ALP,3,CM,NC200,2.785826497
57,ALP,3,CM,NC200,5.012960296
58,ALP,3,CM,NC200,3.814852911
59,ALP,3,CM,NC200,4.455050401
60,ALP,3,CM,NC200,2.217650689
61,ALP,3,CM,NC200,4.47150792
62,ALP,3,CM,NC200,4.804772681
63,ALP,3,CM,NC200,3.891380374
64,ALP,3,CM,NC200,4.572721662
65,ALP,3,CM,NC200,3.284097922
66,ALP,3,CM,NC200,3.042995268
67,ALP,3,CM,NC200,3.456901872
68,ALP,3,CM,NC200,2.066241514
69,ALP,3,CM,NC200,2.875128574
70,ALP,3,CM,NC200,3.715284921
71,ALP,3,CM,NC200,3.509565933
72,ALP,3,CM,NC200,4.618802715
73,ALP,3,CM,P30,0.352181268
74,ALP,3,CM,P30,0.596196237
75,ALP,3,CM,P30,0.700517763
76,ALP,3,CM,P30,1.223919619
77,ALP,3,CM,P30,0.38704055
78,ALP,3,CM,P30,1.763213206
79,ALP,3,CM,P30,0.868149895
80,ALP,3,CM,P30,1.190598247
81,ALP,3,CM,P30,1.156222726
82,ALP,3,CM,P30,1.209286088
83,ALP,3,CM,P30,1.176470588
84,ALP,3,CM,P30,1.340548089
85,ALP,3,CM,P30,1.123407226
86,ALP,3,CM,P30,1.224646535
87,ALP,3,CM,P30,1.177866992
88,ALP,3,CM,P30,1.366381567
89,ALP,3,CM,P30,1.124871426
90,ALP,3,CM,P30,1.238428307
91,ALP,3,CM,P30,0.998971405
92,ALP,3,CM,P30,1.080436124
93,ALP,3,CM,P30,1.126517178
94,ALP,3,CM,P30,1.240074059
95,ALP,3,CM,P30,0.963587739
96,ALP,3,CM,P30,1.017074676
97,ALP,3,CM,P100,0.46726816
98,ALP,3,CM,P100,0.643102476
99,ALP,3,CM,P100,0.60311683
100,ALP,3,CM,P100,0.545188907
101,ALP,3,CM,P100,1.019890296
102,ALP,3,CM,P100,0.748192956
103,ALP,3,CM,P100,0.926077818
104,ALP,3,CM,P100,0.747424002
105,ALP,3,CM,P100,1.139683193
106,ALP,3,CM,P100,0.976753754
107,ALP,3,CM,P100,1.022834808
108,ALP,3,CM,P100,1.099362271
109,ALP,3,CM,P100,1.062332853
110,ALP,3,CM,P100,1.074675993
111,ALP,3,CM,P100,1.130631557
112,ALP,3,CM,P100,1.310841391
113,ALP,3,CM,P100,1.144620448
114,ALP,3,CM,P100,1.01213742
115,ALP,3,CM,P100,1.045052458
116,ALP,3,CM,P100,1.170129603
117,ALP,3,CM,P100,1.082081876
118,ALP,3,CM,P100,1.072207365
119,ALP,3,CM,P100,1.147089076
120,ALP,3,CM,P100,1.297675375
121,ALP,3,CM,NC10P30,0.472650843
122,ALP,3,CM,NC10P30,0.482903573
123,ALP,3,CM,NC10P30,0.44830061
124,ALP,3,CM,NC10P30,0.790229149
125,ALP,3,CM,NC10P30,0.472907162
126,ALP,3,CM,NC10P30,0.4818783
127,ALP,3,CM,NC10P30,0.454964884
128,ALP,3,CM,NC10P30,0.731019634
129,ALP,3,CM,NC10P30,0.937255709
130,ALP,3,CM,NC10P30,1.248302818
131,ALP,3,CM,NC10P30,1.348693684
132,ALP,3,CM,NC10P30,0.994857025
133,ALP,3,CM,NC10P30,0.943838716
134,ALP,3,CM,NC10P30,0.8862374
135,ALP,3,CM,NC10P30,0.968524995
136,ALP,3,CM,NC10P30,1.164369471
137,ALP,3,CM,NC10P30,0.875540012
138,ALP,3,CM,NC10P30,1.114174038
139,ALP,3,CM,NC10P30,1.194815882
140,ALP,3,CM,NC10P30,0.936432833
141,ALP,3,CM,NC10P30,0.936432833
142,ALP,3,CM,NC10P30,0.868957005
143,ALP,3,CM,NC10P30,0.914215182
144,ALP,3,CM,NC10P30,1.139683193
145,ALP,3,CM,NC10P100,0.64540934
146,ALP,3,CM,NC10P100,0.361665043
147,ALP,3,CM,NC10P100,0.545701543
148,ALP,3,CM,NC10P100,0.360896089
149,ALP,3,CM,NC10P100,0.627723381
150,ALP,3,CM,NC10P100,0.367304045
151,ALP,3,CM,NC10P100,0.548264725
152,ALP,3,CM,NC10P100,0.364228226
153,ALP,3,CM,NC10P100,0.988274018
154,ALP,3,CM,NC10P100,0.880477268
155,ALP,3,CM,NC10P100,0.797366797
156,ALP,3,CM,NC10P100,0.794898169
157,ALP,3,CM,NC10P100,0.898580539
158,ALP,3,CM,NC10P100,0.775149146
159,ALP,3,CM,NC10P100,0.672289652
160,ALP,3,CM,NC10P100,0.740588356
161,ALP,3,CM,NC10P100,0.988274018
162,ALP,3,CM,NC10P100,0.864019749
163,ALP,3,CM,NC10P100,0.800658301
164,ALP,3,CM,NC10P100,0.798189673
165,ALP,3,CM,NC10P100,0.894466159
166,ALP,3,CM,NC10P100,0.77844065
167,ALP,3,CM,NC10P100,1.69923884
168,ALP,3,CM,NC10P100,0.799012549
169,ALP,3,CM,NC100P30,0.47752089
170,ALP,3,CM,NC100P30,0.833034295
171,ALP,3,CM,NC100P30,1.101399498
172,ALP,3,CM,NC100P30,0.774593736
173,ALP,3,CM,NC100P30,0.487517301
174,ALP,3,CM,NC100P30,0.841236479
175,ALP,3,CM,NC100P30,1.123955503
176,ALP,3,CM,NC100P30,0.761008869
177,ALP,3,CM,NC100P30,2.950010286
178,ALP,3,CM,NC100P30,2.333676198
179,ALP,3,CM,NC100P30,2.899814853
180,ALP,3,CM,NC100P30,3.592676404
181,ALP,3,CM,NC100P30,1.204690393
182,ALP,3,CM,NC100P30,3.456078996
183,ALP,3,CM,NC100P30,2.797778235
184,ALP,3,CM,NC100P30,2.654597819
185,ALP,3,CM,NC100P30,2.406089282
186,ALP,3,CM,NC100P30,3.096482205
187,ALP,3,CM,NC100P30,3.740794075
188,ALP,3,CM,NC100P30,1.19317013
189,ALP,3,CM,NC100P30,3.935815676
190,ALP,3,CM,NC100P30,3.298086813
191,ALP,3,CM,NC100P100,0.829958476
192,ALP,3,CM,NC100P100,0.989132106
193,ALP,3,CM,NC100P100,0.701799354
194,ALP,3,CM,NC100P100,0.718972676
195,ALP,3,CM,NC100P100,0.520326037
196,ALP,3,CM,NC100P100,1.009381248
197,ALP,3,CM,NC100P100,0.714358948
198,ALP,3,CM,NC100P100,0.731788589
199,ALP,3,CM,NC100P100,2.03661798
200,ALP,3,CM,NC100P100,1.588973462
201,ALP,3,CM,NC100P100,1.803744086
202,ALP,3,CM,NC100P100,2.138654598
203,ALP,3,CM,NC100P100,2.301584036
204,ALP,3,CM,NC100P100,2.425015429
205,ALP,3,CM,NC100P100,2.430775561
206,ALP,3,CM,NC100P100,2.704793252
207,ALP,3,CM,NC100P100,2.089282041
208,ALP,3,CM,NC100P100,1.677021189
209,ALP,3,CM,NC100P100,1.895083316
210,ALP,3,CM,NC100P100,2.367414112
211,ALP,3,CM,NC100P100,2.511417404
212,ALP,3,CM,NC100P100,2.499897141
213,ALP,3,CM,NC100P100,2.522937667
214,ALP,3,CM,NC100P100,2.714667764
215,ALP,3,DM,NC10,0.663226507
216,ALP,3,DM,NC10,0.348180337
217,ALP,3,DM,NC10,0.736375158
218,ALP,3,DM,NC10,0.697628101
219,ALP,3,DM,NC10,0.690747782
220,ALP,3,DM,NC10,0.357414449
221,ALP,3,DM,NC10,0.78471845
222,ALP,3,DM,NC10,0.729132718
223,ALP,3,DM,NC10,0.883724533
224,ALP,3,DM,NC10,0.887442869
225,ALP,3,DM,NC10,0.8527384
226,ALP,3,DM,NC10,0.891780928
227,ALP,3,DM,NC10,0.839724223
228,ALP,3,DM,NC10,0.878147029
229,ALP,3,DM,NC10,0.795723914
230,ALP,3,DM,NC10,0.849639786
231,ALP,3,DM,NC10,0.886304641
232,ALP,3,DM,NC10,1.085660887
233,ALP,3,DM,NC10,0.919530682
234,ALP,3,DM,NC10,0.88547399
235,ALP,3,DM,NC10,0.871352923
236,ALP,3,DM,NC10,1.043297685
237,ALP,3,DM,NC10,0.892949849
238,ALP,3,DM,NC10,0.833973627
239,ALP,3,DM,NC100,1.73892326
240,ALP,3,DM,NC100,1.951972645
241,ALP,3,DM,NC100,0.757056593
242,ALP,3,DM,NC100,1.867989271
243,ALP,3,DM,NC100,1.747819165
244,ALP,3,DM,NC100,2.052390827
245,ALP,3,DM,NC100,0.803948567
246,ALP,3,DM,NC100,1.962376331
247,ALP,3,DM,NC100,0.920288171
248,ALP,3,DM,NC100,1.042373538
249,ALP,3,DM,NC100,1.099388024
250,ALP,3,DM,NC100,1.304516229
251,ALP,3,DM,NC100,0.951274305
252,ALP,3,DM,NC100,1.119219149
253,ALP,3,DM,NC100,0.938260129
254,ALP,3,DM,NC100,1.074599117
255,ALP,3,DM,NC100,3.848406188
256,ALP,3,DM,NC100,3.814349496
257,ALP,3,DM,NC100,3.885785484
258,ALP,3,DM,NC100,3.977157097
259,ALP,3,DM,NC100,3.492887551
260,ALP,3,DM,NC100,3.70387291
261,ALP,3,DM,NC100,3.829301215
262,ALP,3,DM,NC100,3.831793168
263,ALP,3,DM,NC200,1.326206523
264,ALP,3,DM,NC200,1.940971415
265,ALP,3,DM,NC200,1.51336277
266,ALP,3,DM,NC200,2.193818266
267,ALP,3,DM,NC200,1.411108529
268,ALP,3,DM,NC200,2.071113177
269,ALP,3,DM,NC200,1.293361221
270,ALP,3,DM,NC200,1.810209931
271,ALP,3,DM,NC200,3.981310352
272,ALP,3,DM,NC200,3.254490707
273,ALP,3,DM,NC200,3.022739072
274,ALP,3,DM,NC200,3.628283667
275,ALP,3,DM,NC200,3.45966151
276,ALP,3,DM,NC200,3.390717475
277,ALP,3,DM,NC200,3.025231025
278,ALP,3,DM,NC200,4.265393002
279,ALP,3,DM,NC200,3.764510435
280,ALP,3,DM,NC200,3.065932925
281,ALP,3,DM,NC200,2.906447929
282,ALP,3,DM,NC200,3.401515938
283,ALP,3,DM,NC200,3.25698266
284,ALP,3,DM,NC200,2.998650192
285,ALP,3,DM,NC200,2.827536081
286,ALP,3,DM,NC200,4.229675008
287,ALP,3,DM,P30,1.169736118
288,ALP,3,DM,P30,0.869386241
289,ALP,3,DM,P30,0.945981491
290,ALP,3,DM,P30,0.407553071
291,ALP,3,DM,P30,1.171847011
292,ALP,3,DM,P30,0.882805487
293,ALP,3,DM,P30,0.967391974
294,ALP,3,DM,P30,0.399712613
295,ALP,3,DM,P30,0.832907274
296,ALP,3,DM,P30,0.859555349
297,ALP,3,DM,P30,0.78332946
298,ALP,3,DM,P30,0.789526687
299,ALP,3,DM,P30,0.858935626
300,ALP,3,DM,P30,0.912231776
301,ALP,3,DM,P30,0.813076148
302,ALP,3,DM,P30,0.829188938
303,ALP,3,DM,P30,1.105596511
304,ALP,3,DM,P30,1.108088464
305,ALP,3,DM,P30,1.078185028
306,ALP,3,DM,P30,0.925345239
307,ALP,3,DM,P30,0.97435365
308,ALP,3,DM,P30,1.025854013
309,ALP,3,DM,P30,1.060741356
310,ALP,3,DM,P30,0.912885474
311,ALP,3,DM,P100,0.948846274
312,ALP,3,DM,P100,0.452635708
313,ALP,3,DM,P100,0.959853071
314,ALP,3,DM,P100,0.778014742
315,ALP,3,DM,P100,0.964828747
316,ALP,3,DM,P100,0.46876896
317,ALP,3,DM,P100,0.981414333
318,ALP,3,DM,P100,0.795806552
319,ALP,3,DM,P100,1.029176617
320,ALP,3,DM,P100,0.931990448
321,ALP,3,DM,P100,0.721835739
322,ALP,3,DM,P100,0.922022635
323,ALP,3,DM,P100,0.907070917
324,ALP,3,DM,P100,0.948603468
325,ALP,3,DM,P100,0.955248676
326,ALP,3,DM,P100,0.843941439
327,ALP,3,DM,P100,0.98266016
328,ALP,3,DM,P100,0.91786938
329,ALP,3,DM,P100,0.715190531
330,ALP,3,DM,P100,0.918700031
331,ALP,3,DM,P100,0.881320735
332,ALP,3,DM,P100,0.902087011
333,ALP,3,DM,P100,0.895441803
334,ALP,3,DM,P100,0.835634929
335,ALP,3,DM,NC10P30,0.602810647
336,ALP,3,DM,NC10P30,0.458817609
337,ALP,3,DM,NC10P30,0.666891319
338,ALP,3,DM,NC10P30,0.711823178
339,ALP,3,DM,NC10P30,0.60492154
340,ALP,3,DM,NC10P30,0.457309828
341,ALP,3,DM,NC10P30,0.669002211
342,ALP,3,DM,NC10P30,0.702173382
343,ALP,3,DM,NC10P30,0.991797321
344,ALP,3,DM,NC10P30,0.867199668
345,ALP,3,DM,NC10P30,0.918700031
346,ALP,3,DM,NC10P30,0.869691621
347,ALP,3,DM,NC10P30,0.977676254
348,ALP,3,DM,NC10P30,0.96687779
349,ALP,3,DM,NC10P30,0.985982764
350,ALP,3,DM,NC10P30,0.850586647
351,ALP,3,DM,NC10P30,0.994289274
352,ALP,3,DM,NC10P30,0.872183574
353,ALP,3,DM,NC10P30,0.928667843
354,ALP,3,DM,NC10P30,0.879659433
355,ALP,3,DM,NC10P30,0.99096667
356,ALP,3,DM,NC10P30,0.920361333
357,ALP,3,DM,NC10P30,0.953587374
358,ALP,3,DM,NC10P30,0.845602741
359,ALP,3,DM,NC10P100,0.464999509
360,ALP,3,DM,NC10P100,0.623165684
361,ALP,3,DM,NC10P100,1.265027846
362,ALP,3,DM,NC10P100,0.429566667
363,ALP,3,DM,NC10P100,0.463793284
364,ALP,3,DM,NC10P100,0.631458477
365,ALP,3,DM,NC10P100,0.731876658
366,ALP,3,DM,NC10P100,0.430622113
367,ALP,3,DM,NC10P100,0.839788184
368,ALP,3,DM,NC10P100,0.61717371
369,ALP,3,DM,NC10P100,0.976014952
370,ALP,3,DM,NC10P100,0.8937805
371,ALP,3,DM,NC10P100,0.804900841
372,ALP,3,DM,NC10P100,0.751739176
373,ALP,3,DM,NC10P100,0.77998131
374,ALP,3,DM,NC10P100,0.848925345
375,ALP,3,DM,NC10P100,0.848925345
376,ALP,3,DM,NC10P100,0.642093241
377,ALP,3,DM,NC10P100,1.061572007
378,ALP,3,DM,NC10P100,0.985982764
379,ALP,3,DM,NC10P100,0.849755996
380,ALP,3,DM,NC10P100,0.772505451
381,ALP,3,DM,NC10P100,0.800747586
382,ALP,3,DM,NC10P100,0.864707715
383,ALP,3,DM,NC100P30,1.086355856
384,ALP,3,DM,NC100P30,4.549426126
385,ALP,3,DM,NC100P30,1.946695414
386,ALP,3,DM,NC100P30,1.100528993
387,ALP,3,DM,NC100P30,1.084848075
388,ALP,3,DM,NC100P30,3.922038657
389,ALP,3,DM,NC100P30,1.761992301
390,ALP,3,DM,NC100P30,1.09992588
391,ALP,3,DM,NC100P30,1.146298411
392,ALP,3,DM,NC100P30,1.412106739
393,ALP,3,DM,NC100P30,1.586543453
394,ALP,3,DM,NC100P30,1.010902295
395,ALP,3,DM,NC100P30,1.069878517
396,ALP,3,DM,NC100P30,0.995950576
397,ALP,3,DM,NC100P30,0.862215762
398,ALP,3,DM,NC100P30,2.439622054
399,ALP,3,DM,NC100P30,1.180355103
400,ALP,3,DM,NC100P30,1.431211712
401,ALP,3,DM,NC100P30,1.589035406
402,ALP,3,DM,NC100P30,1.062402658
403,ALP,3,DM,NC100P30,1.074031772
404,ALP,3,DM,NC100P30,0.984321462
405,ALP,3,DM,NC100P30,0.878828782
406,ALP,3,DM,NC100P30,1.357283771
407,ALP,3,DM,NC100P100,1.498583047
408,ALP,3,DM,NC100P100,1.704395086
409,ALP,3,DM,NC100P100,1.805114824
410,ALP,3,DM,NC100P100,0.441779689
411,ALP,3,DM,NC100P100,1.376603604
412,ALP,3,DM,NC100P100,1.731535135
413,ALP,3,DM,NC100P100,1.8224543
414,ALP,3,DM,NC100P100,0.448263145
415,ALP,3,DM,NC100P100,0.966047139
416,ALP,3,DM,NC100P100,0.87716748
417,ALP,3,DM,NC100P100,0.900425709
418,ALP,3,DM,NC100P100,0.906240266
419,ALP,3,DM,NC100P100,1.068217215
420,ALP,3,DM,NC100P100,0.847264043
421,ALP,3,DM,NC100P100,0.8123767
422,ALP,3,DM,NC100P100,1.164572734
423,ALP,3,DM,NC100P100,0.98266016
424,ALP,3,DM,NC100P100,0.951095421
425,ALP,3,DM,NC100P100,0.943619562
426,ALP,3,DM,NC100P100,0.922022635
427,ALP,3,DM,NC100P100,1.069878517
428,ALP,3,DM,NC100P100,0.865538366
429,ALP,3,DM,NC100P100,0.819852559
430,ALP,3,DM,NC100P100,1.128024089
431,ALP,8,CM,NC10,2.657482264
432,ALP,8,CM,NC10,2.299620525
433,ALP,8,CM,NC10,3.332123412
434,ALP,8,CM,NC10,2.508496948
435,ALP,8,CM,NC10,2.339712919
436,ALP,8,CM,NC10,3.365781224
437,ALP,8,CM,NC10,0.825234442
438,ALP,8,CM,NC10,0.902983802
439,ALP,8,CM,NC10,0.822506394
440,ALP,8,CM,NC10,0.911167945
441,ALP,8,CM,NC10,0.892071611
442,ALP,8,CM,NC10,0.960272805
443,ALP,8,CM,NC10,0.760443308
444,ALP,8,CM,NC10,1.01483376
445,ALP,8,CM,NC10,1.030734967
446,ALP,8,CM,NC10,1.219599109
447,ALP,8,CM,NC10,3.118040089
448,ALP,8,CM,NC10,2.189755011
449,ALP,8,CM,NC10,2.69844098
450,ALP,8,CM,NC10,1.116258352
451,ALP,8,CM,NC10,2.273496659
452,ALP,8,CM,NC10,1.221380846
453,ALP,8,CM,NC100,2.045702029
454,ALP,8,CM,NC100,1.728427652
455,ALP,8,CM,NC100,1.276522026
456,ALP,8,CM,NC100,2.095198812
457,ALP,8,CM,NC100,1.697739647
458,ALP,8,CM,NC100,1.311169774
459,ALP,8,CM,NC100,1.42745098
460,ALP,8,CM,NC100,1.951918159
461,ALP,8,CM,NC100,1.121909633
462,ALP,8,CM,NC100,1.530434783
463,ALP,8,CM,NC100,1.171696505
464,ALP,8,CM,NC100,1.413810742
465,ALP,8,CM,NC100,1.208525149
466,ALP,8,CM,NC100,1.879624893
467,ALP,8,CM,NC100,1.020044543
468,ALP,8,CM,NC100,1.176837416
469,ALP,8,CM,NC100,2.792873051
470,ALP,8,CM,NC100,2.10155902
471,ALP,8,CM,NC100,2.543429844
472,ALP,8,CM,NC100,1.101113586
473,ALP,8,CM,NC100,2.178173719
474,ALP,8,CM,NC100,1.14922049
475,ALP,8,CM,NC200,1.3428815
476,ALP,8,CM,NC200,2.758738278
477,ALP,8,CM,NC200,1.642966752
478,ALP,8,CM,NC200,3.130434783
479,ALP,8,CM,NC200,1.373572038
480,ALP,8,CM,NC200,2.420460358
481,ALP,8,CM,NC200,1.07485081
482,ALP,8,CM,NC200,1.70912191
483,ALP,8,CM,NC200,2.275278396
484,ALP,8,CM,NC200,1.932293987
485,ALP,8,CM,NC200,2.841870824
486,ALP,8,CM,NC200,2.502449889
487,ALP,8,CM,NC200,3.172383073
488,ALP,8,CM,NC200,1.564365256
489,ALP,8,CM,NC200,3.245434298
490,ALP,8,CM,NC200,2.934521158
491,ALP,8,CM,NC200,2.053452116
492,ALP,8,CM,NC200,1.548329621
493,ALP,8,CM,NC200,2.474832962
494,ALP,8,CM,NC200,2.474832962
495,ALP,8,CM,NC200,2.889977728
496,ALP,8,CM,NC200,3.376391982
497,ALP,8,CM,NC200,3.137639198
498,ALP,8,CM,NC200,2.871269488
499,ALP,8,CM,P30,4.141890777
500,ALP,8,CM,P30,2.703514272
501,ALP,8,CM,P30,3.876588022
502,ALP,8,CM,P30,2.582742122
503,ALP,8,CM,P30,0.966410912
504,ALP,8,CM,P30,1.179880648
505,ALP,8,CM,P30,0.999147485
506,ALP,8,CM,P30,1.194202899
507,ALP,8,CM,P30,1.089173061
508,ALP,8,CM,P30,1.291048593
509,ALP,8,CM,P30,0.945268542
510,ALP,8,CM,P30,1.256947997
511,ALP,8,CM,P30,0.814253898
512,ALP,8,CM,P30,1.000445434
513,ALP,8,CM,P30,1.079732739
514,ALP,8,CM,P30,0.937193764
515,ALP,8,CM,P30,0.967483296
516,ALP,8,CM,P30,1.037861915
517,ALP,8,CM,P30,0.89532294
518,ALP,8,CM,P30,1.050334076
519,ALP,8,CM,P100,4.657152285
520,ALP,8,CM,P100,5.042732222
521,ALP,8,CM,P100,3.946873453
522,ALP,8,CM,P100,4.575482594
523,ALP,8,CM,P100,4.996700214
524,ALP,8,CM,P100,3.952318099
525,ALP,8,CM,P100,0.85701559
526,ALP,8,CM,P100,0.948775056
527,ALP,8,CM,P100,1.004899777
528,ALP,8,CM,P100,0.938975501
529,ALP,8,CM,P100,0.846325167
530,ALP,8,CM,P100,1.012026726
531,ALP,8,CM,P100,1.016481069
532,ALP,8,CM,P100,1.017371938
533,ALP,8,CM,P100,0.81247216
534,ALP,8,CM,P100,0.924721604
535,ALP,8,CM,P100,0.999554566
536,ALP,8,CM,P100,0.920267261
537,ALP,8,CM,P100,0.80623608
538,ALP,8,CM,P100,0.977282851
539,ALP,8,CM,P100,0.972828508
540,ALP,8,CM,P100,0.99064588
541,ALP,8,CM,NC10P30,3.87460815
542,ALP,8,CM,NC10P30,3.174228675
543,ALP,8,CM,NC10P30,2.672826266
544,ALP,8,CM,NC10P30,3.897376671
545,ALP,8,CM,NC10P30,3.187592806
546,ALP,8,CM,NC10P30,2.683715558
547,ALP,8,CM,NC10P30,1.125167038
548,ALP,8,CM,NC10P30,0.950556793
549,ALP,8,CM,NC10P30,1.020044543
550,ALP,8,CM,NC10P30,1.050334076
551,ALP,8,CM,NC10P30,0.905122494
552,ALP,8,CM,NC10P30,0.91403118
553,ALP,8,CM,NC10P30,0.873942094
554,ALP,8,CM,NC10P30,0.783073497
555,ALP,8,CM,NC10P30,1.006681514
556,ALP,8,CM,NC10P30,0.825835189
557,ALP,8,CM,NC10P30,0.960356347
558,ALP,8,CM,NC10P30,0.99064588
559,ALP,8,CM,NC10P30,0.876614699
560,ALP,8,CM,NC10P30,0.874832962
561,ALP,8,CM,NC10P30,0.86325167
562,ALP,8,CM,NC10P30,0.792873051
563,ALP,8,CM,NC10P100,4.886322389
564,ALP,8,CM,NC10P100,2.827751196
565,ALP,8,CM,NC10P100,2.937139086
566,ALP,8,CM,NC10P100,4.70169939
567,ALP,8,CM,NC10P100,2.740141891
568,ALP,8,CM,NC10P100,2.84507507
569,ALP,8,CM,NC10P100,1.254342984
570,ALP,8,CM,NC10P100,0.982628062
571,ALP,8,CM,NC10P100,1.138530067
572,ALP,8,CM,NC10P100,0.974610245
573,ALP,8,CM,NC10P100,0.955011136
574,ALP,8,CM,NC10P100,1.04766147
575,ALP,8,CM,NC10P100,1.027171492
576,ALP,8,CM,NC10P100,1.087750557
577,ALP,8,CM,NC10P100,1.209799555
578,ALP,8,CM,NC10P100,1.020044543
579,ALP,8,CM,NC10P100,1.051224944
580,ALP,8,CM,NC10P100,0.947884187
581,ALP,8,CM,NC10P100,0.906013363
582,ALP,8,CM,NC10P100,0.979064588
583,ALP,8,CM,NC10P100,0.978173719
584,ALP,8,CM,NC10P100,1.052115813
585,ALP,8,CM,NC100P30,2.450090744
586,ALP,8,CM,NC100P30,2.674806138
587,ALP,8,CM,NC100P30,3.01138426
588,ALP,8,CM,NC100P30,2.437221581
589,ALP,8,CM,NC100P30,2.622339548
590,ALP,8,CM,NC100P30,2.962877413
591,ALP,8,CM,NC100P30,3.572383073
592,ALP,8,CM,NC100P30,3.004008909
593,ALP,8,CM,NC100P30,4.566592428
594,ALP,8,CM,NC100P30,1.138530067
595,ALP,8,CM,NC100P30,3.156347439
596,ALP,8,CM,NC100P30,6.383073497
597,ALP,8,CM,NC100P30,3.467260579
598,ALP,8,CM,NC100P30,2.670824053
599,ALP,8,CM,NC100P30,3.371046771
600,ALP,8,CM,NC100P30,2.867706013
601,ALP,8,CM,NC100P30,3.661469933
602,ALP,8,CM,NC100P30,1.068151448
603,ALP,8,CM,NC100P30,2.929175947
604,ALP,8,CM,NC100P30,3.242761693
605,ALP,8,CM,NC100P30,3.146547884
606,ALP,8,CM,NC100P30,2.471269488
607,ALP,8,CM,NC100P100,3.753341033
608,ALP,8,CM,NC100P100,2.778254413
609,ALP,8,CM,NC100P100,3.333608315
610,ALP,8,CM,NC100P100,3.669196502
611,ALP,8,CM,NC100P100,2.818841775
612,ALP,8,CM,NC100P100,3.335588187
613,ALP,8,CM,NC100P100,2.036525612
614,ALP,8,CM,NC100P100,1.567928731
615,ALP,8,CM,NC100P100,1.054788419
616,ALP,8,CM,NC100P100,0.796436526
617,ALP,8,CM,NC100P100,0.934521158
618,ALP,8,CM,NC100P100,2.695768374
619,ALP,8,CM,NC100P100,4.56481069
620,ALP,8,CM,NC100P100,0.980846325
621,ALP,8,CM,NC100P100,1.859242762
622,ALP,8,CM,NC100P100,1.394209354
623,ALP,8,CM,NC100P100,1.017371938
624,ALP,8,CM,NC100P100,0.773273942
625,ALP,8,CM,NC100P100,0.898886414
626,ALP,8,CM,NC100P100,1.471714922
627,ALP,8,CM,NC100P100,2.286859688
628,ALP,8,CM,NC100P100,0.971937639
629,ALP,8,DM,NC10,2.046137743
630,ALP,8,DM,NC10,2.55088968
631,ALP,8,DM,NC10,1.331714465
632,ALP,8,DM,NC10,1.824743563
633,ALP,8,DM,NC10,2.07360268
634,ALP,8,DM,NC10,1.109650408
635,ALP,8,DM,NC10,0.679846664
636,ALP,8,DM,NC10,1.146745919
637,ALP,8,DM,NC10,0.696386269
638,ALP,8,DM,NC10,1.22393074
639,ALP,8,DM,NC10,1.051987768
640,ALP,8,DM,NC10,1.735969333
641,ALP,8,DM,NC10,0.690873067
642,ALP,8,DM,NC10,1.189128656
643,ALP,8,DM,NC10,1.054619865
644,ALP,8,DM,NC10,1.099952778
645,ALP,8,DM,NC10,1.060916103
646,ALP,8,DM,NC10,0.815992445
647,ALP,8,DM,NC10,1.102471273
648,ALP,8,DM,NC10,0.784511255
649,ALP,8,DM,NC10,0.850621754
650,ALP,8,DM,NC10,0.929954352
651,ALP,8,DM,NC100,3.363784802
652,ALP,8,DM,NC100,3.662549717
653,ALP,8,DM,NC100,3.562403182
654,ALP,8,DM,NC100,3.106217291
655,ALP,8,DM,NC100,3.164161608
656,ALP,8,DM,NC100,3.092819761
657,ALP,8,DM,NC100,0.71740535
658,ALP,8,DM,NC100,1.048542017
659,ALP,8,DM,NC100,0.742903907
660,ALP,8,DM,NC100,1.629840203
661,ALP,8,DM,NC100,0.827324805
662,ALP,8,DM,NC100,1.206701986
663,ALP,8,DM,NC100,0.787354094
664,ALP,8,DM,NC100,1.540939829
665,ALP,8,DM,NC100,1.106249016
666,ALP,8,DM,NC100,1.141507949
667,ALP,8,DM,NC100,1.2195813
668,ALP,8,DM,NC100,1.077915945
669,ALP,8,DM,NC100,1.306469385
670,ALP,8,DM,NC100,1.048323627
671,ALP,8,DM,NC100,1.217062805
672,ALP,8,DM,NC100,0.987250118
673,ALP,8,DM,NC200,1.063703321
674,ALP,8,DM,NC200,3.241073351
675,ALP,8,DM,NC200,1.217039238
676,ALP,8,DM,NC200,3.037084895
677,ALP,8,DM,NC200,1.241848645
678,ALP,8,DM,NC200,3.490545721
679,ALP,8,DM,NC200,0.84455356
680,ALP,8,DM,NC200,1.802127751
681,ALP,8,DM,NC200,1.537541319
682,ALP,8,DM,NC200,1.555170785
683,ALP,8,DM,NC200,2.607272155
684,ALP,8,DM,NC200,2.141350543
685,ALP,8,DM,NC200,3.855186526
686,ALP,8,DM,NC200,1.585392728
687,ALP,8,DM,NC200,2.065166063
688,ALP,8,DM,NC200,2.796788919
689,ALP,8,DM,NC200,3.373524319
690,ALP,8,DM,NC200,6.716826696
691,ALP,8,DM,NC200,3.671966
692,ALP,8,DM,NC200,3.894223202
693,ALP,8,DM,NC200,4.443255155
694,ALP,8,DM,NC200,3.200377774
695,ALP,8,DM,NC200,2.599087045
696,ALP,8,DM,NC200,7.386746419
697,ALP,8,DM,P30,2.490265857
698,ALP,8,DM,P30,5.351643291
699,ALP,8,DM,P30,5.46250785
700,ALP,8,DM,P30,2.282269207
701,ALP,8,DM,P30,4.560519154
702,ALP,8,DM,P30,4.522001256
703,ALP,8,DM,P30,0.525477021
704,ALP,8,DM,P30,0.781151742
705,ALP,8,DM,P30,0.5409829
706,ALP,8,DM,P30,0.821467028
707,ALP,8,DM,P30,0.536847999
708,ALP,8,DM,P30,0.814920102
709,ALP,8,DM,P30,0.401429987
710,ALP,8,DM,P30,0.556144205
711,ALP,8,DM,P30,1.048323627
712,ALP,8,DM,P30,0.887769558
713,ALP,8,DM,P30,0.848732882
714,ALP,8,DM,P30,0.850621754
715,ALP,8,DM,P30,0.999842594
716,ALP,8,DM,P30,0.933102471
717,ALP,8,DM,P30,1.014953565
718,ALP,8,DM,P30,0.700141665
719,ALP,8,DM,P100,5.334896378
720,ALP,8,DM,P100,5.587439816
721,ALP,8,DM,P100,3.353401717
722,ALP,8,DM,P100,4.50023027
723,ALP,8,DM,P100,4.764496546
724,ALP,8,DM,P100,2.995352732
725,ALP,8,DM,P100,1.247914371
726,ALP,8,DM,P100,0.995435227
727,ALP,8,DM,P100,0.915473005
728,ALP,8,DM,P100,2.00661105
729,ALP,8,DM,P100,0.467810483
730,ALP,8,DM,P100,0.844955139
731,ALP,8,DM,P100,1.148433811
732,ALP,8,DM,P100,1.026916417
733,ALP,8,DM,P100,1.12513773
734,ALP,8,DM,P100,0.987879742
735,ALP,8,DM,P100,0.841177397
736,ALP,8,DM,P100,1.8492051
737,ALP,8,DM,P100,0.50873603
738,ALP,8,DM,P100,0.788288997
739,ALP,8,DM,P100,1.071619707
740,ALP,8,DM,P100,0.979065009
741,ALP,8,DM,NC10P30,3.339669248
742,ALP,8,DM,NC10P30,3.234833578
743,ALP,8,DM,NC10P30,2.336864141
744,ALP,8,DM,NC10P30,1.396022608
745,ALP,8,DM,NC10P30,3.184592841
746,ALP,8,DM,NC10P30,2.317102784
747,ALP,8,DM,NC10P30,0.955768928
748,ALP,8,DM,NC10P30,0.722808122
749,ALP,8,DM,NC10P30,0.926176609
750,ALP,8,DM,NC10P30,0.613883205
751,ALP,8,DM,NC10P30,0.721548875
752,ALP,8,DM,NC10P30,0.677475209
753,ALP,8,DM,NC10P30,0.866991972
754,ALP,8,DM,NC10P30,0.797103731
755,ALP,8,DM,NC10P30,0.863843853
756,ALP,8,DM,NC10P30,0.670549347
757,ALP,8,DM,NC10P30,0.846844011
758,ALP,8,DM,NC10P30,0.574216905
759,ALP,8,DM,NC10P30,0.679993704
760,ALP,8,DM,NC10P30,0.638438533
761,ALP,8,DM,NC10P30,0.829844168
762,ALP,8,DM,NC10P30,0.782622383
763,ALP,8,DM,NC10P100,2.435335985
764,ALP,8,DM,NC10P100,2.889847184
765,ALP,8,DM,NC10P100,1.851203684
766,ALP,8,DM,NC10P100,2.050491941
767,ALP,8,DM,NC10P100,2.54519573
768,ALP,8,DM,NC10P100,1.627129998
769,ALP,8,DM,NC10P100,1.054619865
770,ALP,8,DM,NC10P100,1.099952778
771,ALP,8,DM,NC10P100,1.060916103
772,ALP,8,DM,NC10P100,0.815992445
773,ALP,8,DM,NC10P100,1.102471273
774,ALP,8,DM,NC10P100,0.784511255
775,ALP,8,DM,NC10P100,0.850621754
776,ALP,8,DM,NC10P100,0.929954352
777,ALP,8,DM,NC10P100,1.106249016
778,ALP,8,DM,NC10P100,1.141507949
779,ALP,8,DM,NC10P100,1.2195813
780,ALP,8,DM,NC10P100,1.077915945
781,ALP,8,DM,NC10P100,1.306469385
782,ALP,8,DM,NC10P100,1.048323627
783,ALP,8,DM,NC10P100,1.217062805
784,ALP,8,DM,NC10P100,0.987250118
785,ALP,8,DM,NC100P30,3.493070965
786,ALP,8,DM,NC100P30,4.161942642
787,ALP,8,DM,NC100P30,3.547330961
788,ALP,8,DM,NC100P30,3.070043961
789,ALP,8,DM,NC100P30,3.210718024
790,ALP,8,DM,NC100P30,2.860372619
791,ALP,8,DM,NC100P30,0.860695734
792,ALP,8,DM,NC100P30,1.167952149
793,ALP,8,DM,NC100P30,2.386903825
794,ALP,8,DM,NC100P30,0.96269479
795,ALP,8,DM,NC100P30,0.674956713
796,ALP,8,DM,NC100P30,0.523847001
797,ALP,8,DM,NC100P30,0.637808909
798,ALP,8,DM,NC100P30,2.7804187
799,ALP,8,DM,NC100P30,1.232173776
800,ALP,8,DM,NC100P30,1.449393987
801,ALP,8,DM,NC100P30,1.008657327
802,ALP,8,DM,NC100P30,0.732252479
803,ALP,8,DM,NC100P30,0.609475838
804,ALP,8,DM,NC100P30,0.574216905
805,ALP,8,DM,NC100P30,0.582402015
806,ALP,8,DM,NC100P30,0.923658114
807,ALP,8,DM,NC100P100,2.954155328
808,ALP,8,DM,NC100P100,2.612853255
809,ALP,8,DM,NC100P100,3.857818715
810,ALP,8,DM,NC100P100,2.762570651
811,ALP,8,DM,NC100P100,2.290977601
812,ALP,8,DM,NC100P100,3.144065313
813,ALP,8,DM,NC100P100,1.979537227
814,ALP,8,DM,NC100P100,1.766724382
815,ALP,8,DM,NC100P100,1.972611365
816,ALP,8,DM,NC100P100,2.202424052
817,ALP,8,DM,NC100P100,2.269164174
818,ALP,8,DM,NC100P100,1.928537699
819,ALP,8,DM,NC100P100,2.149535652
820,ALP,8,DM,NC100P100,1.592948213
821,ALP,8,DM,NC100P100,2.081536282
822,ALP,8,DM,NC100P100,1.828427515
823,ALP,8,DM,NC100P100,1.869982685
824,ALP,8,DM,NC100P100,2.431607115
825,ALP,8,DM,NC100P100,2.496458366
826,ALP,8,DM,NC100P100,2.249016213
827,ALP,8,DM,NC100P100,2.395718558
828,ALP,8,DM,NC100P100,1.59231859
829,AR,8,CM,NC10,1.349034385
830,AR,8,CM,NC10,1.88224211
831,AR,8,CM,NC10,1.877531795
832,AR,8,CM,NC10,1.799340556
833,AR,8,CM,NC10,1.556561086
834,AR,8,CM,NC10,0.995475113
835,AR,8,CM,NC10,1.185520362
836,AR,8,CM,NC10,2.117647059
837,AR,8,CM,NC10,1.024166264
838,AR,8,CM,NC10,0.989850169
839,AR,8,CM,NC10,1.227646206
840,AR,8,CM,NC10,1.126147898
841,AR,8,CM,NC100,2.636834668
842,AR,8,CM,NC100,2.677343382
843,AR,8,CM,NC100,2.554875177
844,AR,8,CM,NC100,2.456900612
845,AR,8,CM,NC100,1.176470588
846,AR,8,CM,NC100,1.484162896
847,AR,8,CM,NC100,1.538461538
848,AR,8,CM,NC100,1.592760181
849,AR,8,CM,NC100,2.033832769
850,AR,8,CM,NC100,1.023682939
851,AR,8,CM,NC100,0.945384244
852,AR,8,CM,NC100,0.985983567
853,AR,8,CM,NC200,1.230769231
854,AR,8,CM,NC200,3.158371041
855,AR,8,CM,NC200,2
856,AR,8,CM,NC200,1.674208145
857,AR,8,CM,NC200,1.460125665
858,AR,8,CM,NC200,1.563557274
859,AR,8,CM,NC200,1.666022233
860,AR,8,CM,NC200,1.761720638
861,AR,8,CM,NC200,1.293378444
862,AR,8,CM,NC200,2.332527791
863,AR,8,CM,NC200,1.600289995
864,AR,8,CM,NC200,2.943934268
865,AR,8,CM,P30,1.308525671
866,AR,8,CM,P30,1.197362223
867,AR,8,CM,P30,1.182289213
868,AR,8,CM,P30,1.09373528
869,AR,8,CM,P30,0.904977376
870,AR,8,CM,P30,0.914027149
871,AR,8,CM,P30,1.285067873
872,AR,8,CM,P30,1.06959884
873,AR,8,CM,P30,1.206863219
874,AR,8,CM,P30,1.312711455
875,AR,8,CM,P30,1.349927501
876,AR,8,CM,P100,1.16627414
877,AR,8,CM,P100,1.265190768
878,AR,8,CM,P100,1.198304286
879,AR,8,CM,P100,1.09656147
880,AR,8,CM,P100,1.020782987
881,AR,8,CM,P100,1.06138231
882,AR,8,CM,P100,1.274045433
883,AR,8,CM,P100,1.094731754
884,AR,8,CM,P100,1.085065249
885,AR,8,CM,P100,1.188013533
886,AR,8,CM,P100,1.079265346
887,AR,8,CM,P100,0.994683422
888,AR,8,CM,NC10P30,1.248233632
889,AR,8,CM,NC10P30,1.417804993
890,AR,8,CM,NC10P30,1.269901083
891,AR,8,CM,NC10P30,1.345266133
892,AR,8,CM,NC10P30,1.39101015
893,AR,8,CM,NC10P30,1.814403093
894,AR,8,CM,NC10P30,1.575640406
895,AR,8,CM,NC10P30,0.927501208
896,AR,8,CM,NC10P30,1.833736104
897,AR,8,CM,NC10P30,1.206863219
898,AR,8,CM,NC10P30,0.941034316
899,AR,8,CM,NC10P30,1.212663122
900,AR,8,CM,NC10P100,1.574187471
901,AR,8,CM,NC10P100,1.323598681
902,AR,8,CM,NC10P100,1.264248705
903,AR,8,CM,NC10P100,1.28403203
904,AR,8,CM,NC10P100,1.0439826
905,AR,8,CM,NC10P100,0.967133881
906,AR,8,CM,NC10P100,1.083615273
907,AR,8,CM,NC10P100,0.907684872
908,AR,8,CM,NC10P100,0.919284679
909,AR,8,CM,NC10P100,0.836152731
910,AR,8,CM,NC10P100,0.894151764
911,AR,8,CM,NC10P100,1.584823586
912,AR,8,CM,NC100P30,1.658031088
913,AR,8,CM,NC100P30,2.121526142
914,AR,8,CM,NC100P30,2.1149317
915,AR,8,CM,NC100P30,2.118699953
916,AR,8,CM,NC100P30,2.033349444
917,AR,8,CM,NC100P30,1.624456259
918,AR,8,CM,NC100P30,1.049782504
919,AR,8,CM,NC100P30,2.479942001
920,AR,8,CM,NC100P30,1.442725955
921,AR,8,CM,NC100P30,1.058965684
922,AR,8,CM,NC100P30,1.252295795
923,AR,8,CM,NC100P30,1.055582407
924,AR,8,CM,NC100P100,1.856806406
925,AR,8,CM,NC100P100,2.094206312
926,AR,8,CM,NC100P100,2.107395195
927,AR,8,CM,NC100P100,2.203485634
928,AR,8,CM,NC100P100,1.798453359
929,AR,8,CM,NC100P100,1.431126148
930,AR,8,CM,NC100P100,2.333977767
931,AR,8,CM,NC100P100,1.422426293
932,AR,8,CM,NC100P100,1.597873369
933,AR,8,CM,NC100P100,1.23537941
934,AR,8,CM,NC100P100,0.866602223
935,AR,8,CM,NC100P100,1.124697922
936,AR,8,DM,NC10,1.998427197
937,AR,8,DM,NC10,1.872361019
938,AR,8,DM,NC10,1.941806303
939,AR,8,DM,NC10,1.56167201
940,AR,8,DM,NC10,1.914529915
941,AR,8,DM,NC10,1.720797721
942,AR,8,DM,NC10,2.150047483
943,AR,8,DM,NC10,2.69325736
944,AR,8,DM,NC10,1.829194606
945,AR,8,DM,NC10,1.830078845
946,AR,8,DM,NC10,2.15960504
947,AR,8,DM,NC10,2.19025864
948,AR,8,DM,NC100,2.84023955
949,AR,8,DM,NC100,2.803702135
950,AR,8,DM,NC100,2.674248382
951,AR,8,DM,NC100,2.135865949
952,AR,8,DM,NC100,5.652421652
953,AR,8,DM,NC100,4.995251662
954,AR,8,DM,NC100,5.382716049
955,AR,8,DM,NC100,5.538461538
956,AR,8,DM,NC100,6.186721686
957,AR,8,DM,NC100,5.218480584
958,AR,8,DM,NC100,6.025200796
959,AR,8,DM,NC100,5.7224965
960,AR,8,DM,NC200,7.730294397
961,AR,8,DM,NC200,8.463437797
962,AR,8,DM,NC200,7.99620133
963,AR,8,DM,NC200,8.49382716
964,AR,8,DM,NC200,7.891238671
965,AR,8,DM,NC200,6.066170511
966,AR,8,DM,NC200,6.255102793
967,AR,8,DM,NC200,5.514700464
968,AR,8,DM,NC200,5.522363864
969,AR,8,DM,NC200,5.231154668
970,AR,8,DM,NC200,6.732591556
971,AR,8,DM,NC200,7.939577039
972,AR,8,DM,P30,1.624826084
973,AR,8,DM,P30,1.26501724
974,AR,8,DM,P30,1.325267679
975,AR,8,DM,P30,0.835763112
976,AR,8,DM,P30,0.417853751
977,AR,8,DM,P30,0.596391263
978,AR,8,DM,P30,0.547008547
979,AR,8,DM,P30,0.452041785
980,AR,8,DM,P30,0.740697075
981,AR,8,DM,P30,0.803183258
982,AR,8,DM,P30,0.75484489
983,AR,8,DM,P30,0.847100435
984,AR,8,DM,P100,1.252918759
985,AR,8,DM,P100,1.177182264
986,AR,8,DM,P100,1.395680842
987,AR,8,DM,P100,0.918516726
988,AR,8,DM,P100,1.560091371
989,AR,8,DM,P100,1.154225923
990,AR,8,DM,P100,1.094097708
991,AR,8,DM,P100,1.221133299
992,AR,8,DM,P100,1.080834132
993,AR,8,DM,P100,1.146267777
994,AR,8,DM,P100,1.107066539
995,AR,8,DM,P100,1.017758456
996,AR,8,DM,NC10P30,0.993285343
997,AR,8,DM,NC10P30,0.850765229
998,AR,8,DM,NC10P30,0.947553082
999,AR,8,DM,NC10P30,1.246869518
1000,AR,8,DM,NC10P30,3.522805983
1001,AR,8,DM,NC10P30,6.124235502
1002,AR,8,DM,NC10P30,2.343526638
1003,AR,8,DM,NC10P30,2.480288851
1004,AR,8,DM,NC10P30,2.187016432
1005,AR,8,DM,NC10P30,2.784761624
1006,AR,8,DM,NC10P30,2.036106403
1007,AR,8,DM,NC10P30,1.869280083
1008,AR,8,DM,NC10P100,0.898433247
1009,AR,8,DM,NC10P100,0.752767528
1010,AR,8,DM,NC10P100,0.749379953
1011,AR,8,DM,NC10P100,1.303006473
1012,AR,8,DM,NC10P100,5.048412055
1013,AR,8,DM,NC10P100,3.242797141
1014,AR,8,DM,NC10P100,3.352442709
1015,AR,8,DM,NC10P100,4.094613514
1016,AR,8,DM,NC10P100,3.010537175
1017,AR,8,DM,NC10P100,2.434897944
1018,AR,8,DM,NC10P100,2.850490015
1019,AR,8,DM,NC10P100,2.211480363
1020,AR,8,DM,NC100P30,3.352489263
1021,AR,8,DM,NC100P30,3.43959833
1022,AR,8,DM,NC100P30,3.409352126
1023,AR,8,DM,NC100P30,3.21577642
1024,AR,8,DM,NC100P30,3.131677842
1025,AR,8,DM,NC100P30,3.899196817
1026,AR,8,DM,NC100P30,3.995873554
1027,AR,8,DM,NC100P30,3.797214649
1028,AR,8,DM,NC100P30,3.672831774
1029,AR,8,DM,NC100P30,3.90656547
1030,AR,8,DM,NC100P30,3.919829047
1031,AR,8,DM,NC100P30,4.486625893
1032,AR,8,DM,NC100P100,4.030730143
1033,AR,8,DM,NC100P100,4.436997157
1034,AR,8,DM,NC100P100,4.394410501
1035,AR,8,DM,NC100P100,4.114451636
1036,AR,8,DM,NC100P100,3.709675042
1037,AR,8,DM,NC100P100,3.4334979
1038,AR,8,DM,NC100P100,3.182668926
1039,AR,8,DM,NC100P100,4.622503869
1040,AR,8,DM,NC100P100,4.012674084
1041,AR,8,DM,NC100P100,2.878785646
1042,AR,8,DM,NC100P100,3.192985042
1043,AR,8,DM,NC100P100,3.690221796
1044,AR,14,CM,NC10,0.842430683
1045,AR,14,CM,NC10,0.950632789
1046,AR,14,CM,NC10,1.580523621
1047,AR,14,CM,NC10,0.861752488
1048,AR,14,CM,NC10,1.829652997
1049,AR,14,CM,NC10,0.895899054
1050,AR,14,CM,NC10,0.921135647
1051,AR,14,CM,NC10,1.129337539
1052,AR,14,CM,NC10,1.057111312
1053,AR,14,CM,NC10,0.944695373
1054,AR,14,CM,NC10,1.198835692
1055,AR,14,CM,NC10,1.259058517
1056,AR,14,CM,NC100,1.151579558
1057,AR,14,CM,NC100,1.170901362
1058,AR,14,CM,NC100,1.105207226
1059,AR,14,CM,NC100,1.268138801
1060,AR,14,CM,NC100,1.413249211
1061,AR,14,CM,NC100,1.249211356
1062,AR,14,CM,NC100,1.438485804
1063,AR,14,CM,NC100,0.901736425
1064,AR,14,CM,NC100,0.903743852
1065,AR,14,CM,NC100,0.902940881
1066,AR,14,CM,NC100,1.41563786
1067,AR,14,CM,NC200,1.280757098
1068,AR,14,CM,NC200,3.305993691
1069,AR,14,CM,NC200,1.728706625
1070,AR,14,CM,NC200,1.41955836
1071,AR,14,CM,NC200,1.049081602
1072,AR,14,CM,NC200,1.471042859
1073,AR,14,CM,NC200,1.030211784
1074,AR,14,CM,NC200,1.275920907
1075,AR,14,CM,NC200,1.151460403
1076,AR,14,CM,NC200,1.261467429
1077,AR,14,CM,NC200,1.993776975
1078,AR,14,CM,NC200,1.305229349
1079,AR,14,CM,P30,0.946768428
1080,AR,14,CM,P30,0.854023766
1081,AR,14,CM,P30,0.80126183
1082,AR,14,CM,P30,1.047318612
1083,AR,14,CM,P30,1.741324921
1084,AR,14,CM,P30,1.331230284
1085,AR,14,CM,P30,1.070360333
1086,AR,14,CM,P30,1.117735622
1087,AR,14,CM,P30,0.93867309
1088,AR,14,CM,P30,0.980026097
1089,AR,14,CM,P100,0.819244517
1090,AR,14,CM,P100,0.973818955
1091,AR,14,CM,P100,0.942904067
1092,AR,14,CM,P100,0.888803014
1093,AR,14,CM,P100,0.951922112
1094,AR,14,CM,P100,0.868413129
1095,AR,14,CM,P100,1.050286058
1096,AR,14,CM,P100,1.013349393
1097,AR,14,CM,P100,1.224932249
1098,AR,14,CM,P100,1.216501054
1099,AR,14,CM,P100,0.916189903
1100,AR,14,CM,P100,0.998895915
1101,AR,14,CM,NC10P30,0.846295044
1102,AR,14,CM,NC10P30,1.062699256
1103,AR,14,CM,NC10P30,0.908124819
1104,AR,14,CM,NC10P30,0.973818955
1105,AR,14,CM,NC10P30,1.014955335
1106,AR,14,CM,NC10P30,0.898926026
1107,AR,14,CM,NC10P30,0.936264177
1108,AR,14,CM,NC10P30,0.969587474
1109,AR,14,CM,NC10P30,0.822643782
1110,AR,14,CM,NC10P30,0.803372478
1111,AR,14,CM,NC10P30,0.948308742
1112,AR,14,CM,NC10P30,0.952323597
1113,AR,14,CM,NC10P100,0.962225872
1114,AR,14,CM,NC10P100,1.128393392
1115,AR,14,CM,NC10P100,1.027920008
1116,AR,14,CM,NC10P100,0.935175345
1117,AR,14,CM,NC10P100,1.252634749
1118,AR,14,CM,NC10P100,1.161096055
1119,AR,14,CM,NC10P100,1.195623808
1120,AR,14,CM,NC10P100,1.208872829
1121,AR,14,CM,NC10P100,1.053899428
1122,AR,14,CM,NC10P100,1.748067851
1123,AR,14,CM,NC10P100,1.014553849
1124,AR,14,CM,NC10P100,1.071163304
1125,AR,14,CM,NC100P30,1.28683219
1126,AR,14,CM,NC100P30,0.838566322
1127,AR,14,CM,NC100P30,0.811515796
1128,AR,14,CM,NC100P30,1.01897019
1129,AR,14,CM,NC100P30,0.900531968
1130,AR,14,CM,NC100P30,0.98685135
1131,AR,14,CM,NC100P30,0.908160193
1132,AR,14,CM,NC100P30,1.010137509
1133,AR,14,CM,NC100P30,0.891699287
1134,AR,14,CM,NC100P30,0.912978019
1135,AR,14,CM,NC100P30,0.996085516
1136,AR,14,CM,NC100P100,0.985412037
1137,AR,14,CM,NC100P100,1.379576852
1138,AR,14,CM,NC100P100,0.942904067
1139,AR,14,CM,NC100P100,1.03564873
1140,AR,14,CM,NC100P100,0.850346281
1141,AR,14,CM,NC100P100,0.961959249
1142,AR,14,CM,NC100P100,0.927030011
1143,AR,14,CM,NC100P100,1.030613269
1144,AR,14,CM,NC100P100,0.876844324
1145,AR,14,CM,NC100P100,0.788919
1146,AR,14,CM,NC100P100,0.94228646
1147,AR,14,CM,NC100P100,0.91016762
1148,AR,14,DM,NC10,1.812998473
1149,AR,14,DM,NC10,1.889699644
1150,AR,14,DM,NC10,1.46818259
1151,AR,14,DM,NC10,1.9311047
1152,AR,14,DM,NC10,2.67254902
1153,AR,14,DM,NC10,1.217647059
1154,AR,14,DM,NC10,0.784313725
1155,AR,14,DM,NC10,1.782352941
1156,AR,14,DM,NC10,2.291596753
1157,AR,14,DM,NC10,2.405333091
1158,AR,14,DM,NC10,2.286699016
1159,AR,14,DM,NC10,2.07863589
1160,AR,14,DM,NC100,2.0641439
1161,AR,14,DM,NC100,2.003733243
1162,AR,14,DM,NC100,2.126590871
1163,AR,14,DM,NC100,2.088579671
1164,AR,14,DM,NC100,5.125490196
1165,AR,14,DM,NC100,5.056862745
1166,AR,14,DM,NC100,4.582352941
1167,AR,14,DM,NC100,4.903921569
1168,AR,14,DM,NC100,5.404562151
1169,AR,14,DM,NC100,5.222257494
1170,AR,14,DM,NC100,5.152963584
1171,AR,14,DM,NC100,4.923314135
1172,AR,14,DM,NC200,5.784313725
1173,AR,14,DM,NC200,6.054901961
1174,AR,14,DM,NC200,5.694117647
1175,AR,14,DM,NC200,5.566666667
1176,AR,14,DM,NC200,5.986848669
1177,AR,14,DM,NC200,4.508457666
1178,AR,14,DM,NC200,4.879053104
1179,AR,14,DM,NC200,4.725046483
1180,AR,14,DM,NC200,5.426874065
1181,AR,14,DM,NC200,4.881411274
1182,AR,14,DM,NC200,5.213731804
1183,AR,14,DM,NC200,5.453176727
1184,AR,14,DM,P30,1.038520278
1185,AR,14,DM,P30,0.956388936
1186,AR,14,DM,P30,1.097573392
1187,AR,14,DM,P30,1.621584931
1188,AR,14,DM,P30,1.180392157
1189,AR,14,DM,P30,0.5
1190,AR,14,DM,P30,0.898039216
1191,AR,14,DM,P30,0.77254902
1192,AR,14,DM,P30,1.295360755
1193,AR,14,DM,P30,1.155684549
1194,AR,14,DM,P30,1.125935332
1195,AR,14,DM,P30,0.994059226
1196,AR,14,DM,P100,1.095537078
1197,AR,14,DM,P100,0.868827422
1198,AR,14,DM,P100,0.918377736
1199,AR,14,DM,P100,1.33989479
1200,AR,14,DM,P100,1.177815065
1201,AR,14,DM,P100,1.166387012
1202,AR,14,DM,P100,1.174368509
1203,AR,14,DM,P100,1.183438393
1204,AR,14,DM,P100,1.197950206
1205,AR,14,DM,P100,1.230964582
1206,AR,14,DM,P100,1.277765181
1207,AR,14,DM,P100,1.165661421
1208,AR,14,DM,P100,0.972828508
1209,AR,14,DM,NC10P30,1.169523163
1210,AR,14,DM,NC10P30,0.970643136
1211,AR,14,DM,NC10P30,0.942134736
1212,AR,14,DM,NC10P30,1.183098592
1213,AR,14,DM,NC10P30,1.414357626
1214,AR,14,DM,NC10P30,1.899233595
1215,AR,14,DM,NC10P30,2.248786903
1216,AR,14,DM,NC10P30,1.953471498
1217,AR,14,DM,NC10P30,2.027844542
1218,AR,14,DM,NC10P30,1.954741282
1219,AR,14,DM,NC10P30,1.567457258
1220,AR,14,DM,NC10P100,1.091464449
1221,AR,14,DM,NC10P100,0.933989479
1222,AR,14,DM,NC10P100,0.881045308
1223,AR,14,DM,NC10P100,1.077210249
1224,AR,14,DM,NC10P100,1.423790304
1225,AR,14,DM,NC10P100,1.653076958
1226,AR,14,DM,NC10P100,1.45136275
1227,AR,14,DM,NC10P100,1.527186976
1228,AR,14,DM,NC10P100,1.568001451
1229,AR,14,DM,NC10P100,1.294997959
1230,AR,14,DM,NC10P100,1.307151603
1231,AR,14,DM,NC10P100,1.594666909
1232,AR,14,DM,NC100P30,2.297641269
1233,AR,14,DM,NC100P30,2.363482097
1234,AR,14,DM,NC100P30,2.153062956
1235,AR,14,DM,NC100P30,2.058713728
1236,AR,14,DM,NC100P30,2.878781008
1237,AR,14,DM,NC100P30,2.513264705
1238,AR,14,DM,NC100P30,2.879506598
1239,AR,14,DM,NC100P30,2.745090926
1240,AR,14,DM,NC100P30,2.729672124
1241,AR,14,DM,NC100P30,3.137816879
1242,AR,14,DM,NC100P100,2.328864755
1243,AR,14,DM,NC100P100,2.182250127
1244,AR,14,DM,NC100P100,2.19311047
1245,AR,14,DM,NC100P100,2.232479213
1246,AR,14,DM,NC100P100,1.70658927
1247,AR,14,DM,NC100P100,2.371411727
1248,AR,14,DM,NC100P100,2.620652125
1249,AR,14,DM,NC100P100,1.189061721
1250,AR,14,DM,NC100P100,2.402430729
1251,AR,14,DM,NC100P100,2.496576119
