Sample,Assay,Day_Post_Stim,Media,Treatment,Fold_Change,Batch,raw_OD,,
1,ALP,3,CM,CTRL,0.493925258,2,0.1927,,
2,ALP,3,CM,CTRL,0.77536269,2,0.3025,,
3,ALP,3,CM,CTRL,0.612087968,2,0.2388,,
4,ALP,3,CM,CTRL,2.550110217,2,0.9949,,
5,ALP,3,CM,CTRL,0.568513867,2,0.2218,,
6,ALP,3,CM,CTRL,0.814323064,2,0.3177,,
7,ALP,3,CM,CTRL,2.076690419,2,0.8102,,
8,ALP,3,CM,CTRL,1.202132568,2,0.469,,
9,ALP,3,CM,NC10,1.791664531,2,0.699,,
10,ALP,3,CM,NC10,0.625672835,2,0.2441,,
11,ALP,3,CM,NC10,0.440867381,2,0.172,,
12,ALP,3,CM,NC10,0.497513713,2,0.1941,,
13,ALP,3,CM,NC10,0.653098888,2,0.2548,,
14,ALP,3,CM,NC10,0.750243502,2,0.2927,,
15,ALP,3,CM,NC10,0.509304352,2,0.1987,,
16,ALP,3,CM,NC10,0.57979187,2,0.2262,,
17,ALP,3,CM,CTRL,0.927212428,3,0.133,,
18,ALP,3,CM,CTRL,0.910455577,3,0.130,,
19,ALP,3,CM,CTRL,1.10804678,3,0.159,,
20,ALP,3,CM,CTRL,1.054285216,3,0.151,,
21,ALP,3,CM,CTRL,1.057078024,3,0.151,,
22,ALP,3,CM,CTRL,1.168092163,3,0.167,,
23,ALP,3,CM,CTRL,1.027753535,3,0.147,,
24,ALP,3,CM,CTRL,1.080118694,3,0.155,,
25,ALP,3,CM,NC10,1.306336184,3,0.187,,
26,ALP,3,CM,NC10,1.126200035,3,0.161,,
27,ALP,3,CM,NC10,1.084307907,3,0.155,,
28,ALP,3,CM,NC10,1.126200035,3,0.161,,
29,ALP,3,CM,NC10,1.041019375,3,0.149,,
30,ALP,3,CM,NC10,1.105952173,3,0.158,,
31,ALP,3,CM,NC10,1.266538663,3,0.181,,
32,ALP,3,CM,NC10,1.554896142,3,0.223,,
33,ALP,3,CM,CTRL,1.053281,4,0.128,,
34,ALP,3,CM,CTRL,1.073853,4,0.1305,,
35,ALP,3,CM,CTRL,0.955359,4,0.1161,,
36,ALP,3,CM,CTRL,0.899403,4,0.1093,,
37,ALP,3,CM,CTRL,1.059041,4,0.1287,,
38,ALP,3,CM,CTRL,1.070562,4,0.1301,,
39,ALP,3,CM,CTRL,0.968525,4,0.1177,,
40,ALP,3,CM,CTRL,0.919975,4,0.1118,,
41,ALP,3,CM,NC10,1.122402798,4,0.1364,,
42,ALP,3,CM,NC10,1.101830899,4,0.1339,,
43,ALP,3,CM,NC10,1.002262909,4,0.1218,,
44,ALP,3,CM,NC10,1.142151821,4,0.1388,,
45,ALP,3,CM,NC10,1.1462662,4,0.1393,,
46,ALP,3,CM,NC10,1.133100185,4,0.1377,,
47,ALP,3,CM,NC10,1.05081259,4,0.1277,,
48,ALP,3,CM,NC10,1.179181238,4,0.1433,,
49,ALP,3,CM,NC100,0.772030553,2,0.3012,,
50,ALP,3,CM,NC100,0.807402471,2,0.315,,
51,ALP,3,CM,NC100,0.755882504,2,0.2949,,
52,ALP,3,CM,NC100,0.526990311,2,0.2056,,
53,ALP,3,CM,NC100,0.889424309,2,0.347,,
54,ALP,3,CM,NC100,1.013738658,2,0.3955,,
55,ALP,3,CM,NC100,0.969139283,2,0.3781,,
56,ALP,3,CM,NC100,0.653611524,2,0.255,,
57,ALP,3,CM,NC100,1.269331471,3,0.182,,
58,ALP,3,CM,NC100,1.556990749,3,0.223,,
59,ALP,3,CM,NC100,1.349624716,3,0.193,,
60,ALP,3,CM,NC100,1.680572526,3,0.241,,
61,ALP,3,CM,NC100,1.41316111,3,0.202,,
62,ALP,3,CM,NC100,1.694536568,3,0.243,,
63,ALP,3,CM,NC100,1.927037877,3,0.276,,
64,ALP,3,CM,NC100,2.583347879,3,0.370,,
65,ALP,3,CM,NC100,2.445587328,4,0.2972,,
66,ALP,3,CM,NC100,3.069327299,4,0.373,,
67,ALP,3,CM,NC100,2.783789344,4,0.3383,,
68,ALP,3,CM,NC100,2.596996503,4,0.3156,,
69,ALP,3,CM,NC100,2.322155935,4,0.2822,,
70,ALP,3,CM,NC100,2.847150792,4,0.346,,
71,ALP,3,CM,NC100,2.451347459,4,0.2979,,
72,ALP,3,CM,NC100,2.775560584,4,0.3373,,
73,ALP,3,CM,NC200,1.069645662,3,0.1532,,
74,ALP,3,CM,NC200,1.156222726,3,0.1656,,
75,ALP,3,CM,NC200,1.963344388,3,0.2812,,
76,ALP,3,CM,NC200,2.740443358,3,0.3925,,
77,ALP,3,CM,NC200,1.89492058,3,0.2714,,
78,ALP,3,CM,NC200,2.547739571,3,0.3649,,
79,ALP,3,CM,NC200,1.966137197,3,0.2816,,
80,ALP,3,CM,NC200,2.785826497,3,0.399,,
81,ALP,3,CM,NC200,5.012960296,4,0.6092,,
82,ALP,3,CM,NC200,3.814852911,4,0.4636,,
83,ALP,3,CM,NC200,4.455050401,4,0.5414,,
84,ALP,3,CM,NC200,2.217650689,4,0.2695,,
85,ALP,3,CM,NC200,4.47150792,4,0.5434,,
86,ALP,3,CM,NC200,4.804772681,4,0.5839,,
87,ALP,3,CM,NC200,3.891380374,4,0.4729,,
88,ALP,3,CM,NC200,4.572721662,4,0.5557,,
89,ALP,3,CM,NC200,3.284097922,4,0.3991,,
90,ALP,3,CM,NC200,3.042995268,4,0.3698,,
91,ALP,3,CM,NC200,3.456901872,4,0.4201,,
92,ALP,3,CM,NC200,2.066241514,4,0.2511,,
93,ALP,3,CM,NC200,2.875128574,4,0.3494,,
94,ALP,3,CM,NC200,3.715284921,4,0.4515,,
95,ALP,3,CM,NC200,3.509565933,4,0.4265,,
96,ALP,3,CM,NC200,4.618802715,4,0.5613,,
97,ALP,3,CM,P30,0.352181268,2,0.1374,,
98,ALP,3,CM,P30,0.596196237,2,0.2326,,
99,ALP,3,CM,P30,0.700517763,2,0.2733,,
100,ALP,3,CM,P30,1.223919619,2,0.4775,,
101,ALP,3,CM,P30,0.38704055,2,0.151,,
102,ALP,3,CM,P30,1.763213206,2,0.6879,,
103,ALP,3,CM,P30,0.868149895,2,0.3387,,
104,ALP,3,CM,P30,1.190598247,2,0.4645,,
105,ALP,3,CM,P30,1.156222726,3,0.166,,
106,ALP,3,CM,P30,1.209286088,3,0.173,,
107,ALP,3,CM,P30,1.176470588,3,0.169,,
108,ALP,3,CM,P30,1.340548089,3,0.192,,
109,ALP,3,CM,P30,1.123407226,3,0.161,,
110,ALP,3,CM,P30,1.224646535,3,0.175,,
111,ALP,3,CM,P30,1.177866992,3,0.169,,
112,ALP,3,CM,P30,1.366381567,3,0.196,,
113,ALP,3,CM,P30,1.124871426,4,0.1367,,
114,ALP,3,CM,P30,1.238428307,4,0.1505,,
115,ALP,3,CM,P30,0.998971405,4,0.1214,,
116,ALP,3,CM,P30,1.080436124,4,0.1313,,
117,ALP,3,CM,P30,1.126517178,4,0.1369,,
118,ALP,3,CM,P30,1.240074059,4,0.1507,,
119,ALP,3,CM,P30,0.963587739,4,0.1171,,
120,ALP,3,CM,P30,1.017074676,4,0.1236,,
121,ALP,3,CM,P100,0.46726816,2,0.252,,
122,ALP,3,CM,P100,0.643102476,2,0.141,,
123,ALP,3,CM,P100,0.60311683,2,0.213,,
124,ALP,3,CM,P100,0.545188907,2,0.141,,
125,ALP,3,CM,P100,1.019890296,2,0.245,,
126,ALP,3,CM,P100,0.748192956,2,0.143,,
127,ALP,3,CM,P100,0.926077818,2,0.214,,
128,ALP,3,CM,P100,0.747424002,2,0.142,,
129,ALP,3,CM,P100,1.139683193,4,0.1385,,
130,ALP,3,CM,P100,0.976753754,4,0.1187,,
131,ALP,3,CM,P100,1.022834808,4,0.1243,,
132,ALP,3,CM,P100,1.099362271,4,0.1336,,
133,ALP,3,CM,P100,1.062332853,4,0.1291,,
134,ALP,3,CM,P100,1.074675993,4,0.1306,,
135,ALP,3,CM,P100,1.130631557,4,0.1374,,
136,ALP,3,CM,P100,1.310841391,4,0.1593,,
137,ALP,3,CM,P100,1.144620448,4,0.1391,,
138,ALP,3,CM,P100,1.01213742,4,0.123,,
139,ALP,3,CM,P100,1.045052458,4,0.127,,
140,ALP,3,CM,P100,1.170129603,4,0.1422,,
141,ALP,3,CM,P100,1.082081876,4,0.1315,,
142,ALP,3,CM,P100,1.072207365,4,0.1303,,
143,ALP,3,CM,P100,1.147089076,4,0.1394,,
144,ALP,3,CM,P100,1.297675375,4,0.1577,,
145,ALP,3,CM,NC10P30,0.472650843,2,0.1844,,
146,ALP,3,CM,NC10P30,0.482903573,2,0.1884,,
147,ALP,3,CM,NC10P30,0.44830061,2,0.1749,,
148,ALP,3,CM,NC10P30,0.790229149,2,0.3083,,
149,ALP,3,CM,NC10P30,0.472907162,2,0.1845,,
150,ALP,3,CM,NC10P30,0.4818783,2,0.188,,
151,ALP,3,CM,NC10P30,0.454964884,2,0.1775,,
152,ALP,3,CM,NC10P30,0.731019634,2,0.2852,,
153,ALP,3,CM,NC10P30,0.937255709,4,0.1139,,
154,ALP,3,CM,NC10P30,1.248302818,4,0.1517,,
155,ALP,3,CM,NC10P30,1.348693684,4,0.1639,,
156,ALP,3,CM,NC10P30,0.994857025,4,0.1209,,
157,ALP,3,CM,NC10P30,0.943838716,4,0.1147,,
158,ALP,3,CM,NC10P30,0.8862374,4,0.1077,,
159,ALP,3,CM,NC10P30,0.968524995,4,0.1177,,
160,ALP,3,CM,NC10P30,1.164369471,4,0.1415,,
161,ALP,3,CM,NC10P30,0.875540012,4,0.1064,,
162,ALP,3,CM,NC10P30,1.114174038,4,0.1354,,
163,ALP,3,CM,NC10P30,1.194815882,4,0.1452,,
164,ALP,3,CM,NC10P30,0.936432833,4,0.1138,,
165,ALP,3,CM,NC10P30,0.936432833,4,0.1138,,
166,ALP,3,CM,NC10P30,0.868957005,4,0.1056,,
167,ALP,3,CM,NC10P30,0.914215182,4,0.1111,,
168,ALP,3,CM,NC10P30,1.139683193,4,0.1385,,
169,ALP,3,CM,NC10P100,0.64540934,2,0.252,,
170,ALP,3,CM,NC10P100,0.361665043,2,0.141,,
171,ALP,3,CM,NC10P100,0.545701543,2,0.213,,
172,ALP,3,CM,NC10P100,0.360896089,2,0.141,,
173,ALP,3,CM,NC10P100,0.627723381,2,0.245,,
174,ALP,3,CM,NC10P100,0.367304045,2,0.143,,
175,ALP,3,CM,NC10P100,0.548264725,2,0.214,,
176,ALP,3,CM,NC10P100,0.364228226,2,0.142,,
177,ALP,3,CM,NC10P100,0.988274018,4,0.1201,,
178,ALP,3,CM,NC10P100,0.880477268,4,0.107,,
179,ALP,3,CM,NC10P100,0.797366797,4,0.0969,,
180,ALP,3,CM,NC10P100,0.794898169,4,0.0966,,
181,ALP,3,CM,NC10P100,0.898580539,4,0.1092,,
182,ALP,3,CM,NC10P100,0.775149146,4,0.0942,,
183,ALP,3,CM,NC10P100,0.672289652,4,0.0817,,
184,ALP,3,CM,NC10P100,0.740588356,4,0.09,,
185,ALP,3,CM,NC10P100,0.988274018,4,0.1201,,
186,ALP,3,CM,NC10P100,0.864019749,4,0.105,,
187,ALP,3,CM,NC10P100,0.800658301,4,0.0973,,
188,ALP,3,CM,NC10P100,0.798189673,4,0.097,,
189,ALP,3,CM,NC10P100,0.894466159,4,0.1087,,
190,ALP,3,CM,NC10P100,0.77844065,4,0.0946,,
191,ALP,3,CM,NC10P100,1.69923884,4,0.2065,,
192,ALP,3,CM,NC10P100,0.799012549,4,0.0971,,
193,ALP,3,CM,NC100P30,0.47752089,2,0.186,,
194,ALP,3,CM,NC100P30,0.833034295,2,0.325,,
195,ALP,3,CM,NC100P30,1.101399498,2,0.430,,
196,ALP,3,CM,NC100P30,0.774593736,2,0.302,,
197,ALP,3,CM,NC100P30,0.487517301,2,0.190,,
198,ALP,3,CM,NC100P30,0.841236479,2,0.328,,
199,ALP,3,CM,NC100P30,1.123955503,2,0.439,,
200,ALP,3,CM,NC100P30,0.761008869,2,0.297,,
201,ALP,3,CM,NC100P30,2.950010286,4,0.3585,,
202,ALP,3,CM,NC100P30,2.333676198,4,0.2836,,
203,ALP,3,CM,NC100P30,2.899814853,4,0.3524,,
204,ALP,3,CM,NC100P30,3.592676404,4,0.4366,,
205,ALP,3,CM,NC100P30,1.204690393,4,0.1464,,
206,ALP,3,CM,NC100P30,#REF!,4,0.6962,,
207,ALP,3,CM,NC100P30,3.456078996,4,0.42,,
208,ALP,3,CM,NC100P30,2.797778235,4,0.34,,
209,ALP,3,CM,NC100P30,2.654597819,4,0.3226,,
210,ALP,3,CM,NC100P30,2.406089282,4,0.2924,, 
211,ALP,3,CM,NC100P30,3.096482205,4,0.3763,,
212,ALP,3,CM,NC100P30,3.740794075,4,0.4546,,
213,ALP,3,CM,NC100P30,1.19317013,4,0.145,,
214,ALP,3,CM,NC100P30,#REF!,4,0.7539,,
215,ALP,3,CM,NC100P30,3.935815676,4,0.4783,,
216,ALP,3,CM,NC100P30,3.298086813,4,0.4008,,
217,ALP,3,CM,NC100P100,0.829958476,2,0.324,,
218,ALP,3,CM,NC100P100,0.989132106,2,0.386,,
219,ALP,3,CM,NC100P100,0.701799354,2,0.274,,
220,ALP,3,CM,NC100P100,0.718972676,2,0.281,,
221,ALP,3,CM,NC100P100,0.520326037,2,0.203,,
222,ALP,3,CM,NC100P100,1.009381248,2,0.394,,
223,ALP,3,CM,NC100P100,0.714358948,2,0.279,,
224,ALP,3,CM,NC100P100,0.731788589,2,0.286,,
225,ALP,3,CM,NC100P100,2.03661798,4,0.2475,,
226,ALP,3,CM,NC100P100,1.588973462,4,0.1931,,
227,ALP,3,CM,NC100P100,1.803744086,4,0.2192,,
228,ALP,3,CM,NC100P100,2.138654598,4,0.2599,,
229,ALP,3,CM,NC100P100,2.301584036,4,0.2797,,
230,ALP,3,CM,NC100P100,2.425015429,4,0.2947,,
231,ALP,3,CM,NC100P100,2.430775561,4,0.2954,,
232,ALP,3,CM,NC100P100,2.704793252,4,0.3287,,
233,ALP,3,CM,NC100P100,2.089282041,4,0.2539,,
234,ALP,3,CM,NC100P100,1.677021189,4,0.2038,,
235,ALP,3,CM,NC100P100,1.895083316,4,0.2303,,
236,ALP,3,CM,NC100P100,2.367414112,4,0.2877,,
237,ALP,3,CM,NC100P100,2.511417404,4,0.3052,,
238,ALP,3,CM,NC100P100,2.499897141,4,0.3038,,
239,ALP,3,CM,NC100P100,2.522937667,4,0.3066,,
240,ALP,3,CM,NC100P100,2.714667764,4,0.3299,,
241,ALP,3,DM,CTRL,1,2,0.5523,,
242,ALP,3,DM,CTRL,0.827,2,0.457,,
243,ALP,3,DM,CTRL,0.989,2,0.5464,,
244,ALP,3,DM,CTRL,2.55,2,0.6023,,
245,ALP,3,DM,CTRL,0.569,2,0.5686,,
246,ALP,3,DM,CTRL,0.814,2,0.4776,,
247,ALP,3,DM,CTRL,2.077,2,0.5859,,
248,ALP,3,DM,CTRL,1.202,2,0.6283,,
249,ALP,3,DM,NC10,0.663226507,2,0.3663,,
250,ALP,3,DM,NC10,0.348180337,2,0.1923,,
251,ALP,3,DM,NC10,0.736375158,2,0.4067,,
252,ALP,3,DM,NC10,0.697628101,2,0.3853,,
253,ALP,3,DM,NC10,0.690747782,2,0.3815,,
254,ALP,3,DM,NC10,0.357414449,2,0.1974,,
255,ALP,3,DM,NC10,0.78471845,2,0.4334,,
256,ALP,3,DM,NC10,0.729132718,2,0.4027,,
257,ALP,3,DM,NC10,0.883724533,3,0.143,,
258,ALP,3,DM,NC10,0.887442869,3,0.143,,
259,ALP,3,DM,NC10,0.8527384,3,0.138,,
260,ALP,3,DM,NC10,0.891780928,3,0.144,,
261,ALP,3,DM,NC10,0.839724223,3,0.136,,
262,ALP,3,DM,NC10,0.878147029,3,0.142,,
263,ALP,3,DM,NC10,0.795723914,3,0.128,,
264,ALP,3,DM,NC10,0.849639786,3,0.137,,
265,ALP,3,DM,NC10,0.886304641,4,0.1067,,
266,ALP,3,DM,NC10,1.085660887,4,0.1307,,
267,ALP,3,DM,NC10,0.919530682,4,0.1107,,
268,ALP,3,DM,NC10,0.88547399,4,0.1066,,
269,ALP,3,DM,NC10,0.871352923,4,0.1049,,
270,ALP,3,DM,NC10,1.043297685,4,0.1256,,
271,ALP,3,DM,NC10,0.892949849,4,0.1075,,
272,ALP,3,DM,NC10,0.833973627,4,0.1004,,
273,ALP,3,DM,NC100,1.73892326,2,1.1533,,
274,ALP,3,DM,NC100,1.951972645,2,1.2946,,
275,ALP,3,DM,NC100,0.757056593,2,0.5021,,
276,ALP,3,DM,NC100,1.867989271,2,1.2389,,
277,ALP,3,DM,NC100,1.747819165,2,1.1592,,
278,ALP,3,DM,NC100,2.052390827,2,1.3612,,
279,ALP,3,DM,NC100,0.803948567,2,0.5332,,
280,ALP,3,DM,NC100,1.962376331,2,1.3015,,
281,ALP,3,DM,NC100,0.920288171,3,0.149,,
282,ALP,3,DM,NC100,1.042373538,3,0.168,,
283,ALP,3,DM,NC100,1.099388024,3,0.177,,
284,ALP,3,DM,NC100,1.304516229,3,0.211,,
285,ALP,3,DM,NC100,0.951274305,3,0.154,,
286,ALP,3,DM,NC100,1.119219149,3,0.181,,
287,ALP,3,DM,NC100,0.938260129,3,0.151,,
288,ALP,3,DM,NC100,1.074599117,3,0.173,,
289,ALP,3,DM,NC100,3.848406188,4,0.4633,,
290,ALP,3,DM,NC100,3.814349496,4,0.4592,,
291,ALP,3,DM,NC100,3.885785484,4,0.4678,,
292,ALP,3,DM,NC100,3.977157097,4,0.4788,,
293,ALP,3,DM,NC100,3.492887551,4,0.4205,,
294,ALP,3,DM,NC100,3.70387291,4,0.4459,,
295,ALP,3,DM,NC100,3.829301215,4,0.461,,
296,ALP,3,DM,NC100,3.831793168,4,0.4613,,
297,ALP,3,DM,NC200,1.326206523,2,0.214,,
298,ALP,3,DM,NC200,1.940971415,2,0.313,,
299,ALP,3,DM,NC200,1.51336277,2,0.244,,
300,ALP,3,DM,NC200,2.193818266,2,0.354,,
301,ALP,3,DM,NC200,1.411108529,2,0.228,,
302,ALP,3,DM,NC200,2.071113177,2,0.334,,
303,ALP,3,DM,NC200,1.293361221,2,0.209,,
304,ALP,3,DM,NC200,1.810209931,2,0.292,,
305,ALP,3,DM,NC200,3.981310352,4,0.2442,,
306,ALP,3,DM,NC200,3.254490707,4,0.247,,
307,ALP,3,DM,NC200,3.022739072,4,0.4141,,
308,ALP,3,DM,NC200,3.628283667,4,0.3401,,
309,ALP,3,DM,NC200,3.45966151,4,0.6123,,
310,ALP,3,DM,NC200,3.390717475,4,0.2518,,
311,ALP,3,DM,NC200,3.025231025,4,0.328,,
312,ALP,3,DM,NC200,4.265393002,4,0.4442,,
313,ALP,3,DM,NC200,3.764510435,4,0.5358,,
314,ALP,3,DM,NC200,3.065932925,4,1.0668,,
315,ALP,3,DM,NC200,2.906447929,4,0.5832,,
316,ALP,3,DM,NC200,3.401515938,4,0.6185,,
317,ALP,3,DM,NC200,3.25698266,4,0.7057,,
318,ALP,3,DM,NC200,2.998650192,4,0.5083,,
319,ALP,3,DM,NC200,2.827536081,4,0.4128,,
320,ALP,3,DM,NC200,4.229675008,4,1.1732,,
321,ALP,3,DM,P30,1.169736118,2,0.7758,,
322,ALP,3,DM,P30,0.869386241,2,0.5766,,
323,ALP,3,DM,P30,0.945981491,2,0.6274,,
324,ALP,3,DM,P30,0.407553071,2,0.2703,,
325,ALP,3,DM,P30,1.171847011,2,0.7772,,
326,ALP,3,DM,P30,0.882805487,2,0.5855,,
327,ALP,3,DM,P30,0.967391974,2,0.6416,,
328,ALP,3,DM,P30,0.399712613,2,0.2651,,
329,ALP,3,DM,P30,0.832907274,3,0.134,,
330,ALP,3,DM,P30,0.859555349,3,0.139,,
331,ALP,3,DM,P30,0.78332946,3,0.126,,
332,ALP,3,DM,P30,0.789526687,3,0.127,,
333,ALP,3,DM,P30,0.858935626,3,0.139,,
334,ALP,3,DM,P30,0.912231776,3,0.147,,
335,ALP,3,DM,P30,0.813076148,3,0.131,,
336,ALP,3,DM,P30,0.829188938,3,0.134,,
337,ALP,3,DM,P30,1.105596511,4,0.1331,,
338,ALP,3,DM,P30,1.108088464,4,0.1334,,
339,ALP,3,DM,P30,1.078185028,4,0.1298,,
340,ALP,3,DM,P30,0.925345239,4,0.1114,,
341,ALP,3,DM,P30,0.97435365,4,0.1173,,
342,ALP,3,DM,P30,1.025854013,4,0.1235,,
343,ALP,3,DM,P30,1.060741356,4,0.1277,,
344,ALP,3,DM,P30,0.912885474,4,0.1099,,
345,ALP,3,DM,P100,0.948846274,2,0.6293,,
346,ALP,3,DM,P100,0.452635708,2,0.3002,,
347,ALP,3,DM,P100,0.959853071,2,0.6366,,
348,ALP,3,DM,P100,0.778014742,2,0.516,,
349,ALP,3,DM,P100,0.964828747,2,0.6399,,
350,ALP,3,DM,P100,0.46876896,2,0.3109,,
351,ALP,3,DM,P100,0.981414333,2,0.6509,,
352,ALP,3,DM,P100,0.795806552,2,0.5278,,
353,ALP,3,DM,P100,1.029176617,4,0.1239,,
354,ALP,3,DM,P100,0.931990448,4,0.1122,,
355,ALP,3,DM,P100,0.721835739,4,0.0869,,
356,ALP,3,DM,P100,0.922022635,4,0.111,,
357,ALP,3,DM,P100,0.907070917,4,0.1092,,
358,ALP,3,DM,P100,0.948603468,4,0.1142,,
359,ALP,3,DM,P100,0.955248676,4,0.115,,
360,ALP,3,DM,P100,0.843941439,4,0.1016,,
361,ALP,3,DM,P100,0.98266016,4,0.1183,,
362,ALP,3,DM,P100,0.91786938,4,0.1105,,
363,ALP,3,DM,P100,0.715190531,4,0.0861,,
364,ALP,3,DM,P100,0.918700031,4,0.1106,,
365,ALP,3,DM,P100,0.881320735,4,0.1061,,
366,ALP,3,DM,P100,0.902087011,4,0.1086,,
367,ALP,3,DM,P100,0.895441803,4,0.1078,,
368,ALP,3,DM,P100,0.835634929,4,0.1006,,
369,ALP,3,DM,NC10P30,0.602810647,2,0.3998,,
370,ALP,3,DM,NC10P30,0.458817609,2,0.3043,,
371,ALP,3,DM,NC10P30,0.666891319,2,0.4423,,
372,ALP,3,DM,NC10P30,0.711823178,2,0.4721,,
373,ALP,3,DM,NC10P30,0.60492154,2,0.4012,,
374,ALP,3,DM,NC10P30,0.457309828,2,0.3033,,
375,ALP,3,DM,NC10P30,0.669002211,2,0.4437,,
376,ALP,3,DM,NC10P30,0.702173382,2,0.4657,,
377,ALP,3,DM,NC10P30,0.991797321,4,0.1194,,
378,ALP,3,DM,NC10P30,0.867199668,4,0.1044,,
379,ALP,3,DM,NC10P30,0.918700031,4,0.1106,,
380,ALP,3,DM,NC10P30,0.869691621,4,0.1047,,
381,ALP,3,DM,NC10P30,0.977676254,4,0.1177,,
382,ALP,3,DM,NC10P30,0.96687779,4,0.1164,,
383,ALP,3,DM,NC10P30,0.985982764,4,0.1187,,
384,ALP,3,DM,NC10P30,0.850586647,4,0.1024,,
385,ALP,3,DM,NC10P30,0.994289274,4,0.1197,,
386,ALP,3,DM,NC10P30,0.872183574,4,0.105,,
387,ALP,3,DM,NC10P30,0.928667843,4,0.1118,,
388,ALP,3,DM,NC10P30,0.879659433,4,0.1059,,
389,ALP,3,DM,NC10P30,0.99096667,4,0.1193,,
390,ALP,3,DM,NC10P30,0.920361333,4,0.1108,,
391,ALP,3,DM,NC10P30,0.953587374,4,0.1148,,
392,ALP,3,DM,NC10P30,0.845602741,4,0.1018,,
393,ALP,3,DM,NC10P100,0.464999509,2,0.3084,,
394,ALP,3,DM,NC10P100,0.623165684,2,0.4133,,
395,ALP,3,DM,NC10P100,1.265027846,2,0.839,,
396,ALP,3,DM,NC10P100,0.429566667,2,0.2849,,
397,ALP,3,DM,NC10P100,0.463793284,2,0.3076,,
398,ALP,3,DM,NC10P100,0.631458477,2,0.4188,,
399,ALP,3,DM,NC10P100,0.731876658,2,0.4854,,
400,ALP,3,DM,NC10P100,0.430622113,2,0.2856,,
401,ALP,3,DM,NC10P100,0.839788184,4,0.1011,,
402,ALP,3,DM,NC10P100,0.61717371,4,0.0743,,
403,ALP,3,DM,NC10P100,0.976014952,4,0.1175,,
404,ALP,3,DM,NC10P100,0.8937805,4,0.1076,,
405,ALP,3,DM,NC10P100,0.804900841,4,0.0969,,
406,ALP,3,DM,NC10P100,0.751739176,4,0.0905,,
407,ALP,3,DM,NC10P100,0.77998131,4,0.0939,,
408,ALP,3,DM,NC10P100,0.848925345,4,0.1022,,
409,ALP,3,DM,NC10P100,0.848925345,4,0.1022,,
410,ALP,3,DM,NC10P100,0.642093241,4,0.0773,,
411,ALP,3,DM,NC10P100,1.061572007,4,0.1278,,
412,ALP,3,DM,NC10P100,0.985982764,4,0.1187,,
413,ALP,3,DM,NC10P100,0.849755996,4,0.1023,,
414,ALP,3,DM,NC10P100,0.772505451,4,0.093,,
415,ALP,3,DM,NC10P100,0.800747586,4,0.0964,,
416,ALP,3,DM,NC10P100,0.864707715,4,0.1041,,
417,ALP,3,DM,NC100P30,1.086355856,2,0.7205,,
418,ALP,3,DM,NC100P30,4.549426126,2,3.0173,,
419,ALP,3,DM,NC100P30,1.946695414,2,1.2911,,
420,ALP,3,DM,NC100P30,1.100528993,2,0.7299,,
421,ALP,3,DM,NC100P30,1.084848075,2,0.7195,,
422,ALP,3,DM,NC100P30,3.922038657,2,2.6012,,
423,ALP,3,DM,NC100P30,1.761992301,2,1.1686,,
424,ALP,3,DM,NC100P30,1.09992588,2,0.7295,,
425,ALP,3,DM,NC100P30,1.146298411,4,0.138,,
426,ALP,3,DM,NC100P30,1.412106739,4,0.17,,
427,ALP,3,DM,NC100P30,1.586543453,4,0.191,,
428,ALP,3,DM,NC100P30,1.010902295,4,0.1217,,
429,ALP,3,DM,NC100P30,1.069878517,4,0.1288,,
430,ALP,3,DM,NC100P30,0.995950576,4,0.1199,,
431,ALP,3,DM,NC100P30,0.862215762,4,0.1038,,
432,ALP,3,DM,NC100P30,2.439622054,4,0.2937,,
433,ALP,3,DM,NC100P30,1.180355103,4,0.1421,,
434,ALP,3,DM,NC100P30,1.431211712,4,0.1723,,
435,ALP,3,DM,NC100P30,1.589035406,4,0.1913,,
436,ALP,3,DM,NC100P30,1.062402658,4,0.1279,,
437,ALP,3,DM,NC100P30,1.074031772,4,0.1293,,
438,ALP,3,DM,NC100P30,0.984321462,4,0.1185,,
439,ALP,3,DM,NC100P30,0.878828782,4,0.1058,,
440,ALP,3,DM,NC100P30,1.357283771,4,0.1634,,
441,ALP,3,DM,NC100P100,1.498583047,2,0.9939,,
442,ALP,3,DM,NC100P100,1.704395086,2,1.1304,,
443,ALP,3,DM,NC100P100,1.805114824,2,1.1972,,
444,ALP,3,DM,NC100P100,0.441779689,2,0.293,,
445,ALP,3,DM,NC100P100,1.376603604,2,0.913,,
446,ALP,3,DM,NC100P100,1.731535135,2,1.1484,,
447,ALP,3,DM,NC100P100,1.8224543,2,1.2087,,
448,ALP,3,DM,NC100P100,0.448263145,2,0.2973,,
449,ALP,3,DM,NC100P100,0.966047139,4,0.1163,,
450,ALP,3,DM,NC100P100,0.87716748,4,0.1056,,
451,ALP,3,DM,NC100P100,0.900425709,4,0.1084,,
452,ALP,3,DM,NC100P100,0.906240266,4,0.1091,,
453,ALP,3,DM,NC100P100,1.068217215,4,0.1286,,
454,ALP,3,DM,NC100P100,0.847264043,4,0.102,,
455,ALP,3,DM,NC100P100,0.8123767,4,0.0978,,
456,ALP,3,DM,NC100P100,1.164572734,4,0.1402,,
457,ALP,3,DM,NC100P100,0.98266016,4,0.1183,,
458,ALP,3,DM,NC100P100,0.951095421,4,0.1145,,
459,ALP,3,DM,NC100P100,0.943619562,4,0.1136,,
460,ALP,3,DM,NC100P100,0.922022635,4,0.111,,
461,ALP,3,DM,NC100P100,1.069878517,4,0.1288,,
462,ALP,3,DM,NC100P100,0.865538366,4,0.1042,,
463,ALP,3,DM,NC100P100,0.819852559,4,0.0987,,
464,ALP,3,DM,NC100P100,1.128024089,4,0.1358,,
465,ALP,8,CM,CTRL,0.877083,2,0.1772,,
466,ALP,8,CM,CTRL,1.160205,2,0.2344,,
467,ALP,8,CM,CTRL,0.953308,2,0.1926,,
468,ALP,8,CM,CTRL,0.883023,2,0.1784,,
469,ALP,8,CM,CTRL,1.15476,2,0.2333,,
470,ALP,8,CM,CTRL,0.971622,2,0.1963,,
471,ALP,8,CM,NC10,2.657482264,2,0.5369,,
472,ALP,8,CM,NC10,2.299620525,2,0.4646,,
473,ALP,8,CM,NC10,3.332123412,2,0.6732,,
474,ALP,8,CM,NC10,2.508496948,2,0.5068,,
475,ALP,8,CM,NC10,2.339712919,2,0.4727,,
476,ALP,8,CM,NC10,3.365781224,2,0.68,,
477,ALP,8,CM,CTRL,#REF!,3,0.129,,
478,ALP,8,CM,CTRL,#REF!,3,0.128,,
479,ALP,8,CM,CTRL,#REF!,3,0.148,,
480,ALP,8,CM,CTRL,#REF!,3,0.181,,
481,ALP,8,CM,CTRL,#REF!,3,0.136,,
482,ALP,8,CM,CTRL,#REF!,3,0.142,,
483,ALP,8,CM,CTRL,#REF!,3,0.134,,
484,ALP,8,CM,CTRL,#REF!,3,0.193,,
485,ALP,8,CM,NC10,0.825234442,3,0.121,,
486,ALP,8,CM,NC10,0.902983802,3,0.132,,
487,ALP,8,CM,NC10,0.822506394,3,0.121,,
488,ALP,8,CM,NC10,0.911167945,3,0.134,,
489,ALP,8,CM,NC10,0.892071611,3,0.131,,
490,ALP,8,CM,NC10,0.960272805,3,0.141,,
491,ALP,8,CM,NC10,0.760443308,3,0.112,,
492,ALP,8,CM,NC10,1.01483376,3,0.149,,
493,ALP,8,CM,CTRL,2.305513485,4,0.0921,,
494,ALP,8,CM,CTRL,3.316583816,4,0.1153,,
495,ALP,8,CM,CTRL,#REF!,4,0.1307,,
496,ALP,8,CM,CTRL,#REF!,4,0.1072,,
497,ALP,8,CM,CTRL,#REF!,4,0.1111,,
498,ALP,8,CM,CTRL,#REF!,4,0.1189,,
499,ALP,8,CM,CTRL,#REF!,4,0.1031,,
500,ALP,8,CM,CTRL,#REF!,4,0.1196,,
501,ALP,8,CM,NC10,1.030734967,4,0.1157,,
502,ALP,8,CM,NC10,1.219599109,4,0.1369,,
503,ALP,8,CM,NC10,3.118040089,4,0.35,,
504,ALP,8,CM,NC10,2.189755011,4,0.2458,,
505,ALP,8,CM,NC10,2.69844098,4,0.3029,,
506,ALP,8,CM,NC10,1.116258352,4,0.1253,,
507,ALP,8,CM,NC10,2.273496659,4,0.2552,,
508,ALP,8,CM,NC10,1.221380846,4,0.1371,,
509,ALP,8,CM,NC100,2.045702029,2,0.4133,,
510,ALP,8,CM,NC100,1.728427652,2,0.3492,,
511,ALP,8,CM,NC100,1.276522026,2,0.2579,,
512,ALP,8,CM,NC100,2.095198812,2,0.4233,,
513,ALP,8,CM,NC100,1.697739647,2,0.343,,
514,ALP,8,CM,NC100,1.311169774,2,0.2649,,
515,ALP,8,CM,NC100,1.42745098,3,0.209,,
516,ALP,8,CM,NC100,1.951918159,3,0.286,,
517,ALP,8,CM,NC100,1.121909633,3,0.165,,
518,ALP,8,CM,NC100,1.530434783,3,0.224,,
519,ALP,8,CM,NC100,1.171696505,3,0.172,,
520,ALP,8,CM,NC100,1.413810742,3,0.207,,
521,ALP,8,CM,NC100,1.208525149,3,0.177,,
522,ALP,8,CM,NC100,1.879624893,3,0.276,,
523,ALP,8,CM,NC100,1.020044543,4,0.1145,,
524,ALP,8,CM,NC100,1.176837416,4,0.1321,,
525,ALP,8,CM,NC100,2.792873051,4,0.3135,,
526,ALP,8,CM,NC100,2.10155902,4,0.2359,,
527,ALP,8,CM,NC100,2.543429844,4,0.2855,,
528,ALP,8,CM,NC100,1.101113586,4,0.1236,,
529,ALP,8,CM,NC100,2.178173719,4,0.2445,,
530,ALP,8,CM,NC100,1.14922049,4,0.129,,
531,ALP,8,CM,NC200,1.3428815,3,0.197,,
532,ALP,8,CM,NC200,2.758738278,3,0.405,,
533,ALP,8,CM,NC200,1.642966752,3,0.241,,
534,ALP,8,CM,NC200,3.130434783,3,0.459,,
535,ALP,8,CM,NC200,1.373572038,3,0.201,,
536,ALP,8,CM,NC200,2.420460358,3,0.355,,
537,ALP,8,CM,NC200,1.07485081,3,0.158,,
538,ALP,8,CM,NC200,1.70912191,3,0.251,,
539,ALP,8,CM,NC200,2.275278396,4,0.2554,,
540,ALP,8,CM,NC200,1.932293987,4,0.2169,,
541,ALP,8,CM,NC200,2.841870824,4,0.319,,
542,ALP,8,CM,NC200,2.502449889,4,0.2809,,
543,ALP,8,CM,NC200,3.172383073,4,0.3561,,
544,ALP,8,CM,NC200,1.564365256,4,0.1756,,
545,ALP,8,CM,NC200,3.245434298,4,0.3643,,
546,ALP,8,CM,NC200,2.934521158,4,0.3294,,
547,ALP,8,CM,NC200,2.053452116,4,0.2305,,
548,ALP,8,CM,NC200,1.548329621,4,0.1738,,
549,ALP,8,CM,NC200,2.474832962,4,0.2778,,
550,ALP,8,CM,NC200,2.474832962,4,0.2778,,
551,ALP,8,CM,NC200,2.889977728,4,0.3244,,
552,ALP,8,CM,NC200,3.376391982,4,0.379,,
553,ALP,8,CM,NC200,3.137639198,4,0.3522,,
554,ALP,8,CM,NC200,2.871269488,4,0.3223,,
555,ALP,8,CM,P30,4.141890777,2,0.8368,,
556,ALP,8,CM,P30,2.703514272,2,0.5462,,
557,ALP,8,CM,P30,1.081811433,2,0.9993,,
558,ALP,8,CM,P30,3.876588022,2,0.7832,,
559,ALP,8,CM,P30,2.582742122,2,0.5218,,
560,ALP,8,CM,P30,0.516109874,2,1.0206,,
561,ALP,8,CM,P30,0.966410912,3,0.142,,
562,ALP,8,CM,P30,1.179880648,3,0.173,,
563,ALP,8,CM,P30,0.999147485,3,0.147,,
564,ALP,8,CM,P30,1.194202899,3,0.175,,
565,ALP,8,CM,P30,1.089173061,3,0.160,,
566,ALP,8,CM,P30,1.291048593,3,0.189,,
567,ALP,8,CM,P30,0.945268542,3,0.139,,
568,ALP,8,CM,P30,1.256947997,3,0.184,,
569,ALP,8,CM,P30,0.814253898,4,0.0914,,
570,ALP,8,CM,P30,1.000445434,4,0.1123,,
571,ALP,8,CM,P30,1.079732739,4,0.1212,,
572,ALP,8,CM,P30,0.937193764,4,0.1052,,
573,ALP,8,CM,P30,0.967483296,4,0.1086,,
574,ALP,8,CM,P30,1.037861915,4,0.1165,,
575,ALP,8,CM,P30,0.89532294,4,0.1005,,
576,ALP,8,CM,P30,1.050334076,4,0.1179,,
577,ALP,8,CM,P100,4.657152285,2,0.9409,,
578,ALP,8,CM,P100,5.042732222,2,1.0188,,
579,ALP,8,CM,P100,3.946873453,2,0.7974,,
580,ALP,8,CM,P100,4.575482594,2,0.9244,,
581,ALP,8,CM,P100,4.996700214,2,1.0095,,
582,ALP,8,CM,P100,3.952318099,2,0.7985,,
583,ALP,8,CM,P100,0.85701559,4,0.0962,,
584,ALP,8,CM,P100,0.948775056,4,0.1065,,
585,ALP,8,CM,P100,1.004899777,4,0.1128,,
586,ALP,8,CM,P100,0.938975501,4,0.1054,,
587,ALP,8,CM,P100,0.846325167,4,0.095,,
588,ALP,8,CM,P100,1.012026726,4,0.1136,,
589,ALP,8,CM,P100,1.016481069,4,0.1141,,
590,ALP,8,CM,P100,1.017371938,4,0.1142,,
591,ALP,8,CM,P100,0.81247216,4,0.0912,,
592,ALP,8,CM,P100,0.924721604,4,0.1038,,
593,ALP,8,CM,P100,0.999554566,4,0.1122,,
594,ALP,8,CM,P100,0.920267261,4,0.1033,,
595,ALP,8,CM,P100,0.80623608,4,0.0905,,
596,ALP,8,CM,P100,0.977282851,4,0.1097,,
597,ALP,8,CM,P100,0.972828508,4,0.1092,,
598,ALP,8,CM,P100,0.99064588,4,0.1112,,
599,ALP,8,CM,NC10P30,3.87460815,2,0.7828,,
600,ALP,8,CM,NC10P30,3.174228675,2,0.6413,,
601,ALP,8,CM,NC10P30,2.672826266,2,0.54,,
602,ALP,8,CM,NC10P30,3.897376671,2,0.7874,,
603,ALP,8,CM,NC10P30,3.187592806,2,0.644,,
604,ALP,8,CM,NC10P30,2.683715558,2,0.5422,,
605,ALP,8,CM,NC10P30,1.125167038,4,0.1263,,
606,ALP,8,CM,NC10P30,0.950556793,4,0.1067,,
607,ALP,8,CM,NC10P30,1.020044543,4,0.1145,,
608,ALP,8,CM,NC10P30,1.050334076,4,0.1179,,
609,ALP,8,CM,NC10P30,0.905122494,4,0.1016,,
610,ALP,8,CM,NC10P30,0.91403118,4,0.1026,,
611,ALP,8,CM,NC10P30,0.873942094,4,0.0981,,
612,ALP,8,CM,NC10P30,0.783073497,4,0.0879,,
613,ALP,8,CM,NC10P30,1.006681514,4,0.113,,
614,ALP,8,CM,NC10P30,0.825835189,4,0.0927,,
615,ALP,8,CM,NC10P30,0.960356347,4,0.1078,,
616,ALP,8,CM,NC10P30,0.99064588,4,0.1112,,
617,ALP,8,CM,NC10P30,0.876614699,4,0.0984,,
618,ALP,8,CM,NC10P30,0.874832962,4,0.0982,,
619,ALP,8,CM,NC10P30,0.86325167,4,0.0969,,
620,ALP,8,CM,NC10P30,0.792873051,4,0.089,,
621,ALP,8,CM,NC10P100,4.886322389,2,0.9872,,
622,ALP,8,CM,NC10P100,2.827751196,2,0.5713,,
623,ALP,8,CM,NC10P100,2.937139086,2,0.5934,,
624,ALP,8,CM,NC10P100,4.70169939,2,0.9499,,
625,ALP,8,CM,NC10P100,2.740141891,2,0.5536,,
626,ALP,8,CM,NC10P100,2.84507507,2,0.5748,,
627,ALP,8,CM,NC10P100,1.254342984,4,0.1408,,
628,ALP,8,CM,NC10P100,0.982628062,4,0.1103,,
629,ALP,8,CM,NC10P100,1.138530067,4,0.1278,,
630,ALP,8,CM,NC10P100,0.974610245,4,0.1094,,
631,ALP,8,CM,NC10P100,0.955011136,4,0.1072,,
632,ALP,8,CM,NC10P100,1.04766147,4,0.1176,,
633,ALP,8,CM,NC10P100,1.027171492,4,0.1153,,
634,ALP,8,CM,NC10P100,1.087750557,4,0.1221,,
635,ALP,8,CM,NC10P100,1.209799555,4,0.1358,,
636,ALP,8,CM,NC10P100,1.020044543,4,0.1145,,
637,ALP,8,CM,NC10P100,1.051224944,4,0.118,,
638,ALP,8,CM,NC10P100,0.947884187,4,0.1064,,
639,ALP,8,CM,NC10P100,0.906013363,4,0.1017,,
640,ALP,8,CM,NC10P100,0.979064588,4,0.1099,,
641,ALP,8,CM,NC10P100,0.978173719,4,0.1098,,
642,ALP,8,CM,NC10P100,1.052115813,4,0.1181,,
643,ALP,8,CM,NC100P30,2.450090744,2,0.495,,
644,ALP,8,CM,NC100P30,2.674806138,2,0.5404,,
645,ALP,8,CM,NC100P30,3.01138426,2,0.6084,,
646,ALP,8,CM,NC100P30,2.437221581,2,0.4924,,
647,ALP,8,CM,NC100P30,2.622339548,2,0.5298,,
648,ALP,8,CM,NC100P30,2.962877413,2,0.5986,,
649,ALP,8,CM,NC100P30,3.572383073,4,0.401,,
650,ALP,8,CM,NC100P30,3.004008909,4,0.3372,,
651,ALP,8,CM,NC100P30,4.566592428,4,0.5126,,
652,ALP,8,CM,NC100P30,1.138530067,4,0.1278,,
653,ALP,8,CM,NC100P30,3.156347439,4,0.3543,,
654,ALP,8,CM,NC100P30,6.383073497,4,0.7165,,
655,ALP,8,CM,NC100P30,3.467260579,4,0.3892,,
656,ALP,8,CM,NC100P30,2.670824053,4,0.2998,,
657,ALP,8,CM,NC100P30,3.371046771,4,0.3784,,
658,ALP,8,CM,NC100P30,2.867706013,4,0.3219,,
659,ALP,8,CM,NC100P30,3.661469933,4,0.411,,
660,ALP,8,CM,NC100P30,1.068151448,4,0.1199,,
661,ALP,8,CM,NC100P30,2.929175947,4,0.3288,,
662,ALP,8,CM,NC100P30,3.242761693,4,0.364,,
663,ALP,8,CM,NC100P30,3.146547884,4,0.3532,,
664,ALP,8,CM,NC100P30,2.471269488,4,0.2774,,
665,ALP,8,CM,NC100P100,3.753341033,2,0.7583,,
666,ALP,8,CM,NC100P100,2.778254413,2,0.5613,,
667,ALP,8,CM,NC100P100,3.333608315,2,0.6735,,
668,ALP,8,CM,NC100P100,3.669196502,2,0.7413,,
669,ALP,8,CM,NC100P100,2.818841775,2,0.5695,,
670,ALP,8,CM,NC100P100,3.335588187,2,0.6739,,
671,ALP,8,CM,NC100P100,2.036525612,4,0.2286,,
672,ALP,8,CM,NC100P100,1.567928731,4,0.176,,
673,ALP,8,CM,NC100P100,1.054788419,4,0.1184,,
674,ALP,8,CM,NC100P100,0.796436526,4,0.0894,,
675,ALP,8,CM,NC100P100,0.934521158,4,0.1049,,
676,ALP,8,CM,NC100P100,2.695768374,4,0.3026,,
677,ALP,8,CM,NC100P100,4.56481069,4,0.5124,,
678,ALP,8,CM,NC100P100,0.980846325,4,0.1101,,
679,ALP,8,CM,NC100P100,1.859242762,4,0.2087,,
680,ALP,8,CM,NC100P100,1.394209354,4,0.1565,,
681,ALP,8,CM,NC100P100,1.017371938,4,0.1142,,
682,ALP,8,CM,NC100P100,0.773273942,4,0.0868,,
683,ALP,8,CM,NC100P100,0.898886414,4,0.1009,,
684,ALP,8,CM,NC100P100,1.471714922,4,0.1652,,
685,ALP,8,CM,NC100P100,2.286859688,4,0.2567,,
686,ALP,8,CM,NC100P100,0.971937639,4,0.1091,,
687,ALP,8,DM,CTRL,0.819431715,2,0.3598,,
688,ALP,8,DM,CTRL,0.961503208,2,0.383,,
689,ALP,8,DM,CTRL,2.7736022,2,0.3911,,
690,ALP,8,DM,CTRL,4.696608616,2,0.3581,,
691,ALP,8,DM,CTRL,1.009165903,2,0.3842,,
692,ALP,8,DM,CTRL,1.912923924,2,0.391,,
693,ALP,8,DM,NC10,#VALUE!,2,0.6109,,
694,ALP,8,DM,NC10,#VALUE!,2,0.7616,,
695,ALP,8,DM,NC10,#VALUE!,2,0.3976,,
696,ALP,8,DM,NC10,#VALUE!,2,0.5448,,
697,ALP,8,DM,NC10,#VALUE!,2,0.6191,,
698,ALP,8,DM,NC10,#VALUE!,2,0.3313,,
699,ALP,8,DM,CTRL,#VALUE!,3,0.229,,
700,ALP,8,DM,CTRL,#VALUE!,3,0.346,,
701,ALP,8,DM,CTRL,#VALUE!,3,0.266,,
702,ALP,8,DM,CTRL,#VALUE!,3,0.430,,
703,ALP,8,DM,CTRL,#VALUE!,3,0.196,,
704,ALP,8,DM,CTRL,#VALUE!,3,0.261,,
705,ALP,8,DM,CTRL,#VALUE!,3,0.216,,
706,ALP,8,DM,CTRL,#VALUE!,3,0.378,,
707,ALP,8,DM,NC10,0.679846664,3,0.197,,
708,ALP,8,DM,NC10,1.146745919,3,0.333,,
709,ALP,8,DM,NC10,0.696386269,3,0.202,,
710,ALP,8,DM,NC10,1.22393074,3,0.355,,
711,ALP,8,DM,NC10,1.051987768,3,0.305,,
712,ALP,8,DM,NC10,1.735969333,3,0.504,,
713,ALP,8,DM,NC10,0.690873067,3,0.201,,
714,ALP,8,DM,NC10,1.189128656,3,0.345,,
715,ALP,8,DM,CTRL,#VALUE!,4,0.1815,,
716,ALP,8,DM,CTRL,#VALUE!,4,0.1574,,
717,ALP,8,DM,CTRL,#VALUE!,4,0.1476,,
718,ALP,8,DM,CTRL,#VALUE!,4,0.1519,,
719,ALP,8,DM,CTRL,#VALUE!,4,0.1612,,
720,ALP,8,DM,CTRL,#VALUE!,4,0.1718,,
721,ALP,8,DM,CTRL,#VALUE!,4,0.1774,,
722,ALP,8,DM,CTRL,#VALUE!,4,0.1218,,
723,ALP,8,DM,NC10,1.054619865,4,0.1675,,
724,ALP,8,DM,NC10,1.099952778,4,0.1747,,
725,ALP,8,DM,NC10,1.060916103,4,0.1685,,
726,ALP,8,DM,NC10,0.815992445,4,0.1296,,
727,ALP,8,DM,NC10,1.102471273,4,0.1751,,
728,ALP,8,DM,NC10,0.784511255,4,0.1246,,
729,ALP,8,DM,NC10,0.850621754,4,0.1351,,
730,ALP,8,DM,NC10,0.929954352,4,0.1477,,
731,ALP,8,DM,NC100,#VALUE!,2,1.0043,,
732,ALP,8,DM,NC100,#VALUE!,2,1.0935,,
733,ALP,8,DM,NC100,#VALUE!,2,1.0636,,
734,ALP,8,DM,NC100,#VALUE!,2,0.9274,,
735,ALP,8,DM,NC100,#VALUE!,2,0.9447,,
736,ALP,8,DM,NC100,#VALUE!,2,0.9234,,
737,ALP,8,DM,NC100,0.71740535,3,0.208,,
738,ALP,8,DM,NC100,1.048542017,3,0.304,,
739,ALP,8,DM,NC100,0.742903907,3,0.216,,
740,ALP,8,DM,NC100,1.629840203,3,0.473,,
741,ALP,8,DM,NC100,0.827324805,3,0.240,,
742,ALP,8,DM,NC100,1.206701986,3,0.350,,
743,ALP,8,DM,NC100,0.787354094,3,0.229,,
744,ALP,8,DM,NC100,1.540939829,3,0.447,,
745,ALP,8,DM,NC100,1.106249016,4,0.1757,,
746,ALP,8,DM,NC100,1.141507949,4,0.1813,,
747,ALP,8,DM,NC100,1.2195813,4,0.1937,,
748,ALP,8,DM,NC100,1.077915945,4,0.1712,,
749,ALP,8,DM,NC100,1.306469385,4,0.2075,,
750,ALP,8,DM,NC100,1.048323627,4,0.1665,,
751,ALP,8,DM,NC100,1.217062805,4,0.1933,,
752,ALP,8,DM,NC100,0.987250118,4,0.1568,,
753,ALP,8,DM,NC200,1.063703321,3,0.309,,
754,ALP,8,DM,NC200,3.241073351,3,0.941,,
755,ALP,8,DM,NC200,1.217039238,3,0.353,,
756,ALP,8,DM,NC200,3.037084895,3,0.881,,
757,ALP,8,DM,NC200,1.241848645,3,0.360,,
758,ALP,8,DM,NC200,3.490545721,3,1.013,,
759,ALP,8,DM,NC200,0.84455356,3,0.245,,
760,ALP,8,DM,NC200,1.802127751,3,0.523,,
761,ALP,8,DM,NC200,1.537541319,4,0.2442,,
762,ALP,8,DM,NC200,1.555170785,4,0.247,,
763,ALP,8,DM,NC200,2.607272155,4,0.4141,,
764,ALP,8,DM,NC200,2.141350543,4,0.3401,,
765,ALP,8,DM,NC200,3.855186526,4,0.6123,,
766,ALP,8,DM,NC200,1.585392728,4,0.2518,,
767,ALP,8,DM,NC200,2.065166063,4,0.328,,
768,ALP,8,DM,NC200,2.796788919,4,0.4442,,
769,ALP,8,DM,NC200,3.373524319,4,0.5358,,
770,ALP,8,DM,NC200,6.716826696,4,1.0668,,
771,ALP,8,DM,NC200,3.671966,4,0.5832,,
772,ALP,8,DM,NC200,3.894223202,4,0.6185,,
773,ALP,8,DM,NC200,4.443255155,4,0.7057,,
774,ALP,8,DM,NC200,3.200377774,4,0.5083,,
775,ALP,8,DM,NC200,2.599087045,4,0.4128,,
776,ALP,8,DM,NC200,7.386746419,4,1.1732,,
777,ALP,8,DM,P30,1.285062175,2,0.7435,,
778,ALP,8,DM,P30,0.528464243,2,1.5978,,
779,ALP,8,DM,P30,0.688388688,2,1.6309,,
780,ALP,8,DM,P30,0.932262973,2,0.6814,,
781,ALP,8,DM,P30,1.124508106,2,1.3616,,
782,ALP,8,DM,P30,2.238942232,2,1.3501,,
783,ALP,8,DM,P30,0.525477021,3,0.153,,
784,ALP,8,DM,P30,0.781151742,3,0.227,,
785,ALP,8,DM,P30,0.5409829,3,0.157,,
786,ALP,8,DM,P30,0.821467028,3,0.238,,
787,ALP,8,DM,P30,0.536847999,3,0.156,,
788,ALP,8,DM,P30,0.814920102,3,0.237,,
789,ALP,8,DM,P30,0.401429987,3,0.117,,
790,ALP,8,DM,P30,0.556144205,3,0.161,,
791,ALP,8,DM,P30,1.048323627,4,0.1665,,
792,ALP,8,DM,P30,0.887769558,4,0.141,,
793,ALP,8,DM,P30,0.848732882,4,0.1348,,
794,ALP,8,DM,P30,0.850621754,4,0.1351,,
795,ALP,8,DM,P30,0.999842594,4,0.1588,,
796,ALP,8,DM,P30,0.933102471,4,0.1482,,
797,ALP,8,DM,P30,1.014953565,4,0.1612,,
798,ALP,8,DM,P30,0.700141665,4,0.1112,,
799,ALP,8,DM,P100,#VALUE!,2,1.5928,,
800,ALP,8,DM,P100,#VALUE!,2,1.6682,,
801,ALP,8,DM,P100,#VALUE!,2,1.0012,,
802,ALP,8,DM,P100,#VALUE!,2,1.3436,,
803,ALP,8,DM,P100,#VALUE!,2,1.4225,,
804,ALP,8,DM,P100,#VALUE!,2,0.8943,,
805,ALP,8,DM,P100,1.247914371,4,0.1982,,
806,ALP,8,DM,P100,0.995435227,4,0.1581,,
807,ALP,8,DM,P100,0.915473005,4,0.1454,,
808,ALP,8,DM,P100,2.00661105,4,0.3187,,
809,ALP,8,DM,P100,0.467810483,4,0.0743,,
810,ALP,8,DM,P100,0.844955139,4,0.1342,,
811,ALP,8,DM,P100,1.148433811,4,0.1824,,
812,ALP,8,DM,P100,1.026916417,4,0.1631,,
813,ALP,8,DM,P100,1.12513773,4,0.1787,,
814,ALP,8,DM,P100,0.987879742,4,0.1569,,
815,ALP,8,DM,P100,0.841177397,4,0.1336,,
816,ALP,8,DM,P100,1.8492051,4,0.2937,,
817,ALP,8,DM,P100,0.50873603,4,0.0808,,
818,ALP,8,DM,P100,0.788288997,4,0.1252,,
819,ALP,8,DM,P100,1.071619707,4,0.1702,,
820,ALP,8,DM,P100,0.979065009,4,0.1555,,
821,ALP,8,DM,NC10P30,0.031187366,2,0.9971,,
822,ALP,8,DM,NC10P30,0.056330343,2,0.9658,,
823,ALP,8,DM,NC10P30,0.076562254,2,0.6977,,
824,ALP,8,DM,NC10P30,0.068461094,2,0.4168,,
825,ALP,8,DM,NC10P30,0.075009182,2,0.9508,,
826,ALP,8,DM,NC10P30,0.065858649,2,0.6918,,
827,ALP,8,DM,NC10P30,0.955768928,4,0.1518,,
828,ALP,8,DM,NC10P30,0.722808122,4,0.1148,,
829,ALP,8,DM,NC10P30,0.926176609,4,0.1471,,
830,ALP,8,DM,NC10P30,0.613883205,4,0.0975,,
831,ALP,8,DM,NC10P30,0.721548875,4,0.1146,,
832,ALP,8,DM,NC10P30,0.677475209,4,0.1076,,
833,ALP,8,DM,NC10P30,0.866991972,4,0.1377,,
834,ALP,8,DM,NC10P30,0.797103731,4,0.1266,,
835,ALP,8,DM,NC10P30,0.863843853,4,0.1372,,
836,ALP,8,DM,NC10P30,0.670549347,4,0.1065,,
837,ALP,8,DM,NC10P30,0.846844011,4,0.1345,,
838,ALP,8,DM,NC10P30,0.574216905,4,0.0912,,
839,ALP,8,DM,NC10P30,0.679993704,4,0.108,,
840,ALP,8,DM,NC10P30,0.638438533,4,0.1014,,
841,ALP,8,DM,NC10P30,0.829844168,4,0.1318,,
842,ALP,8,DM,NC10P30,0.782622383,4,0.1243,,
843,ALP,8,DM,NC10P100,#REF!,2,0.7271,,
844,ALP,8,DM,NC10P100,#REF!,2,0.8628,,
845,ALP,8,DM,NC10P100,#REF!,2,0.5527,,
846,ALP,8,DM,NC10P100,#REF!,2,0.6122,,
847,ALP,8,DM,NC10P100,#REF!,2,0.7599,,
848,ALP,8,DM,NC10P100,#REF!,2,0.4858,,
849,ALP,8,DM,NC10P100,1.054619865,4,0.1675,,
850,ALP,8,DM,NC10P100,1.099952778,4,0.1747,,
851,ALP,8,DM,NC10P100,1.060916103,4,0.1685,,
852,ALP,8,DM,NC10P100,0.815992445,4,0.1296,,
853,ALP,8,DM,NC10P100,1.102471273,4,0.1751,,
854,ALP,8,DM,NC10P100,0.784511255,4,0.1246,,
855,ALP,8,DM,NC10P100,0.850621754,4,0.1351,,
856,ALP,8,DM,NC10P100,0.929954352,4,0.1477,,
857,ALP,8,DM,NC10P100,1.106249016,4,0.1757,,
858,ALP,8,DM,NC10P100,1.141507949,4,0.1813,,
859,ALP,8,DM,NC10P100,1.2195813,4,0.1937,,
860,ALP,8,DM,NC10P100,1.077915945,4,0.1712,,
861,ALP,8,DM,NC10P100,1.306469385,4,0.2075,,
862,ALP,8,DM,NC10P100,1.048323627,4,0.1665,,
863,ALP,8,DM,NC10P100,1.217062805,4,0.1933,,
864,ALP,8,DM,NC10P100,0.987250118,4,0.1568,,
865,ALP,8,DM,NC100P30,#REF!,2,1.0429,,
866,ALP,8,DM,NC100P30,#REF!,2,1.2426,,
867,ALP,8,DM,NC100P30,#REF!,2,1.0591,,
868,ALP,8,DM,NC100P30,#REF!,2,0.9166,,
869,ALP,8,DM,NC100P30,#REF!,2,0.9586,,
870,ALP,8,DM,NC100P30,#REF!,2,0.854,,
871,ALP,8,DM,NC100P30,0.860695734,4,0.1367,,
872,ALP,8,DM,NC100P30,1.167952149,4,0.1855,,
873,ALP,8,DM,NC100P30,2.386903825,4,0.3791,,
874,ALP,8,DM,NC100P30,0.96269479,4,0.1529,,
875,ALP,8,DM,NC100P30,0.674956713,4,0.1072,,
876,ALP,8,DM,NC100P30,0.523847001,4,0.0832,,
877,ALP,8,DM,NC100P30,0.637808909,4,0.1013,,
878,ALP,8,DM,NC100P30,2.7804187,4,0.4416,,
879,ALP,8,DM,NC100P30,1.232173776,4,0.1957,,
880,ALP,8,DM,NC100P30,1.449393987,4,0.2302,,
881,ALP,8,DM,NC100P30,1.008657327,4,0.1602,,
882,ALP,8,DM,NC100P30,0.732252479,4,0.1163,,
883,ALP,8,DM,NC100P30,0.609475838,4,0.0968,,
884,ALP,8,DM,NC100P30,0.574216905,4,0.0912,,
885,ALP,8,DM,NC100P30,0.582402015,4,0.0925,,
886,ALP,8,DM,NC100P30,0.923658114,4,0.1467,,
887,ALP,8,DM,NC100P100,#REF!,2,0.882,,
888,ALP,8,DM,NC100P100,#REF!,2,0.7801,,
889,ALP,8,DM,NC100P100,#REF!,2,1.1518,,
890,ALP,8,DM,NC100P100,#REF!,2,0.8248,,
891,ALP,8,DM,NC100P100,#REF!,2,0.684,,
892,ALP,8,DM,NC100P100,#REF!,2,0.9387,,
893,ALP,8,DM,NC100P100,1.979537227,4,0.3144,,
894,ALP,8,DM,NC100P100,1.766724382,4,0.2806,,
895,ALP,8,DM,NC100P100,1.972611365,4,0.3133,,
896,ALP,8,DM,NC100P100,2.202424052,4,0.3498,,
897,ALP,8,DM,NC100P100,2.269164174,4,0.3604,,
898,ALP,8,DM,NC100P100,1.928537699,4,0.3063,,
899,ALP,8,DM,NC100P100,2.149535652,4,0.3414,,
900,ALP,8,DM,NC100P100,1.592948213,4,0.253,,
901,ALP,8,DM,NC100P100,2.081536282,4,0.3306,,
902,ALP,8,DM,NC100P100,1.828427515,4,0.2904,,
903,ALP,8,DM,NC100P100,1.869982685,4,0.297,,
904,ALP,8,DM,NC100P100,2.431607115,4,0.3862,,
905,ALP,8,DM,NC100P100,2.496458366,4,0.3965,,
906,ALP,8,DM,NC100P100,2.249016213,4,0.3572,,
907,ALP,8,DM,NC100P100,2.395718558,4,0.3805,,
908,ALP,8,DM,NC100P100,1.59231859,4,0.2529,,
909,AR,8,CM,CTRL,1.383155397,2,0.104,,
910,AR,8,CM,CTRL,1.425069197,2,0.117,,
911,AR,8,CM,CTRL,1.211150652,2,0.118,,
912,AR,8,CM,CTRL,1.349940687,2,0.085,,
913,AR,8,CM,NC10,1.349034385,2,0.1432,,
914,AR,8,CM,NC10,1.88224211,2,0.1998,,
915,AR,8,CM,NC10,1.877531795,2,0.1993,,
916,AR,8,CM,NC10,1.799340556,2,0.191,,
917,AR,8,CM,CTRL,1.351387933,2,0.135,,
918,AR,8,CM,CTRL,1.38742961,2,0.104,,
919,AR,8,CM,CTRL,1.249911366,2,0.102,,
920,AR,8,CM,CTRL,1.331442539,2,0.101,,
921,AR,8,CM,NC10,1.556561086,3,0.172,,
922,AR,8,CM,NC10,0.995475113,3,0.11,,
923,AR,8,CM,NC10,1.185520362,3,0.131,,
924,AR,8,CM,NC10,2.117647059,3,0.234,,
925,AR,8,CM,NC10,1.024166264,4,0.2119,,
926,AR,8,CM,NC10,0.989850169,4,0.2048,,
927,AR,8,CM,NC10,1.227646206,4,0.254,,
928,AR,8,CM,NC10,1.126147898,4,0.233,,
929,AR,8,CM,NC100,2.636834668,2,0.280,,
930,AR,8,CM,NC100,2.677343382,2,0.284,,
931,AR,8,CM,NC100,2.554875177,2,0.271,,
932,AR,8,CM,NC100,2.456900612,2,0.261,,
933,AR,8,CM,NC100,1.176470588,3,0.13,,
934,AR,8,CM,NC100,1.484162896,3,0.164,,
935,AR,8,CM,NC100,1.538461538,3,0.17,,
936,AR,8,CM,NC100,1.592760181,3,0.176,,
937,AR,8,CM,NC100,2.033832769,4,0.4208,,
938,AR,8,CM,NC100,1.023682939,4,0.2118,,
939,AR,8,CM,NC100,0.945384244,4,0.1956,,
940,AR,8,CM,NC100,0.985983567,4,0.204,,
941,AR,8,CM,NC200,1.230769231,3,0.136,,
942,AR,8,CM,NC200,3.158371041,3,0.349,,
943,AR,8,CM,NC200,2,3,0.221,,
944,AR,8,CM,NC200,1.674208145,3,0.185,,
945,AR,8,CM,NC200,1.460125665,4,0.3021,,
946,AR,8,CM,NC200,1.563557274,4,0.3235,,
947,AR,8,CM,NC200,1.666022233,4,0.3447,,
948,AR,8,CM,NC200,1.761720638,4,0.3645,,
949,AR,8,CM,NC200,1.293378444,4,0.2676,,
950,AR,8,CM,NC200,2.332527791,4,0.4826,,
951,AR,8,CM,NC200,1.600289995,4,0.3311,,
952,AR,8,CM,NC200,2.943934268,4,0.6091,,
953,AR,8,CM,P30,1.308525671,2,0.139,,
954,AR,8,CM,P30,1.197362223,2,0.127,,
955,AR,8,CM,P30,1.182289213,2,0.126,,
956,AR,8,CM,P30,1.09373528,2,0.116,,
957,AR,8,CM,P30,0.904977376,3,0.1,,
958,AR,8,CM,P30,0.914027149,3,0.101,,
959,AR,8,CM,P30,#REF!,3,0.345,,
960,AR,8,CM,P30,1.285067873,3,0.142,,
961,AR,8,CM,P30,1.06959884,4,0.2213,,
962,AR,8,CM,P30,1.206863219,4,0.2497,,
963,AR,8,CM,P30,1.312711455,4,0.2716,,
964,AR,8,CM,P30,1.349927501,4,0.2793,,
965,AR,8,CM,P100,1.16627414,2,0.124,,
966,AR,8,CM,P100,1.265190768,2,0.134,,
967,AR,8,CM,P100,1.198304286,2,0.127,,
968,AR,8,CM,P100,1.09656147,2,0.116,,
969,AR,8,CM,P100,1.020782987,4,0.2112,,
970,AR,8,CM,P100,1.06138231,4,0.2196,,
971,AR,8,CM,P100,1.274045433,4,0.2636,,
972,AR,8,CM,P100,1.094731754,4,0.2265,,
973,AR,8,CM,P100,1.085065249,4,0.2245,,
974,AR,8,CM,P100,1.188013533,4,0.2458,,
975,AR,8,CM,P100,1.079265346,4,0.2233,,
976,AR,8,CM,P100,0.994683422,4,0.2058,,
977,AR,8,CM,NC10P30,1.248233632,2,0.133,,
978,AR,8,CM,NC10P30,1.417804993,2,0.151,,
979,AR,8,CM,NC10P30,1.269901083,2,0.135,,
980,AR,8,CM,NC10P30,1.345266133,2,0.143,,
981,AR,8,CM,NC10P30,1.39101015,4,0.2878,,
982,AR,8,CM,NC10P30,1.814403093,4,0.3754,,
983,AR,8,CM,NC10P30,1.575640406,4,0.326,,
984,AR,8,CM,NC10P30,0.927501208,4,0.1919,,
985,AR,8,CM,NC10P30,1.833736104,4,0.3794,,
986,AR,8,CM,NC10P30,1.206863219,4,0.2497,,
987,AR,8,CM,NC10P30,0.941034316,4,0.1947,,
988,AR,8,CM,NC10P30,1.212663122,4,0.2509,,
989,AR,8,CM,NC10P100,1.574187471,2,0.167,,
990,AR,8,CM,NC10P100,1.323598681,2,0.141,,
991,AR,8,CM,NC10P100,1.264248705,2,0.134,,
992,AR,8,CM,NC10P100,1.28403203,2,0.136,,
993,AR,8,CM,NC10P100,1.0439826,4,0.216,,
994,AR,8,CM,NC10P100,0.967133881,4,0.2001,,
995,AR,8,CM,NC10P100,1.083615273,4,0.2242,,
996,AR,8,CM,NC10P100,0.907684872,4,0.1878,,
997,AR,8,CM,NC10P100,0.919284679,4,0.1902,,
998,AR,8,CM,NC10P100,0.836152731,4,0.173,,
999,AR,8,CM,NC10P100,0.894151764,4,0.185,,
1000,AR,8,CM,NC10P100,1.584823586,4,0.3279,,
1001,AR,8,CM,NC100P30,1.658031088,2,0.176,,
1002,AR,8,CM,NC100P30,2.121526142,2,0.225,,
1003,AR,8,CM,NC100P30,2.1149317,2,0.225,,
1004,AR,8,CM,NC100P30,2.118699953,2,0.225,,
1005,AR,8,CM,NC100P30,2.033349444,4,0.4207,,
1006,AR,8,CM,NC100P30,1.624456259,4,0.3361,,
1007,AR,8,CM,NC100P30,1.049782504,4,0.2172,,
1008,AR,8,CM,NC100P30,2.479942001,4,0.5131,,
1009,AR,8,CM,NC100P30,1.442725955,4,0.2985,,
1010,AR,8,CM,NC100P30,1.058965684,4,0.2191,,
1011,AR,8,CM,NC100P30,1.252295795,4,0.2591,,
1012,AR,8,CM,NC100P30,1.055582407,4,0.2184,,
1013,AR,8,CM,NC100P100,1.856806406,2,0.197,,
1014,AR,8,CM,NC100P100,2.094206312,2,0.222,,
1015,AR,8,CM,NC100P100,2.107395195,2,0.224,,
1016,AR,8,CM,NC100P100,2.203485634,2,0.234,,
1017,AR,8,CM,NC100P100,1.798453359,4,0.3721,,
1018,AR,8,CM,NC100P100,1.431126148,4,0.2961,,
1019,AR,8,CM,NC100P100,2.333977767,4,0.4829,,
1020,AR,8,CM,NC100P100,1.422426293,4,0.2943,,
1021,AR,8,CM,NC100P100,1.597873369,4,0.3306,,
1022,AR,8,CM,NC100P100,1.23537941,4,0.2556,,
1023,AR,8,CM,NC100P100,0.866602223,4,0.1793,,
1024,AR,8,CM,NC100P100,1.124697922,4,0.2327,,
1025,AR,8,DM,CTRL,0.938547486,2,0.405,,
1026,AR,8,DM,CTRL,1.650937883,2,0.449,,
1027,AR,8,DM,CTRL,1.862016699,2,0.415,,
1028,AR,8,DM,CTRL,1.873743299,2,0.385,,
1029,AR,8,DM,NC10,1.998427197,2,0.826,,
1030,AR,8,DM,NC10,1.872361019,2,0.774,,
1031,AR,8,DM,NC10,1.941806303,2,0.803,,
1032,AR,8,DM,NC10,1.56167201,2,0.645,,
1033,AR,8,DM,CTRL,0.910835492,3,0.177,,
1034,AR,8,DM,CTRL,1.023181154,3,0.186,,
1035,AR,8,DM,CTRL,0.791062017,3,0.473,,
1036,AR,8,DM,CTRL,0.554919482,3,0.217,,
1037,AR,8,DM,NC10,1.914529915,3,0.504,,
1038,AR,8,DM,NC10,1.720797721,3,0.453,,
1039,AR,8,DM,NC10,2.150047483,3,0.566,,
1040,AR,8,DM,NC10,2.69325736,3,0.709,,
1041,AR,8,DM,CTRL,0.695716394,4,0.2693,,
1042,AR,8,DM,CTRL,0.742011227,4,0.3654,,
1043,AR,8,DM,CTRL,0.695203157,4,0.3904,,
1044,AR,8,DM,CTRL,0.720988024,4,0.332,,
1045,AR,8,DM,NC10,1.829194606,4,0.6206,,
1046,AR,8,DM,NC10,1.830078845,4,0.6209,,
1047,AR,8,DM,NC10,2.15960504,4,0.7327,,
1048,AR,8,DM,NC10,2.19025864,4,0.7431,,
1049,AR,8,DM,NC100,2.84023955,2,1.1738,,
1050,AR,8,DM,NC100,2.803702135,2,1.1587,,
1051,AR,8,DM,NC100,2.674248382,2,1.1052,,
1052,AR,8,DM,NC100,2.135865949,2,0.8827,,
1053,AR,8,DM,NC100,5.652421652,3,1.488,,
1054,AR,8,DM,NC100,4.995251662,3,1.315,,
1055,AR,8,DM,NC100,5.382716049,3,1.417,,
1056,AR,8,DM,NC100,5.538461538,3,1.458,,
1057,AR,8,DM,NC100,6.186721686,4,2.099,,
1058,AR,8,DM,NC100,5.218480584,4,1.7705,,
1059,AR,8,DM,NC100,6.025200796,4,2.0442,,
1060,AR,8,DM,NC100,5.7224965,4,1.9415,,
1061,AR,8,DM,NC200,7.730294397,3,2.035,,
1062,AR,8,DM,NC200,8.463437797,3,2.228,,
1063,AR,8,DM,NC200,7.99620133,3,2.105,,
1064,AR,8,DM,NC200,8.49382716,3,2.236,,
1065,AR,8,DM,NC200,7.891238671,4,2.6773,,
1066,AR,8,DM,NC200,6.066170511,4,2.0581,,
1067,AR,8,DM,NC200,6.255102793,4,2.1222,,
1068,AR,8,DM,NC200,5.514700464,4,1.871,,
1069,AR,8,DM,NC200,5.522363864,4,1.8736,,
1070,AR,8,DM,NC200,5.231154668,4,1.7748,,
1071,AR,8,DM,NC200,6.732591556,4,2.2842,,
1072,AR,8,DM,NC200,7.939577039,4,2.6937,,
1073,AR,8,DM,P30,1.624826084,2,0.672,,
1074,AR,8,DM,P30,1.26501724,2,0.523,,
1075,AR,8,DM,P30,1.325267679,2,0.548,,
1076,AR,8,DM,P30,0.835763112,2,0.345,,
1077,AR,8,DM,P30,0.417853751,3,0.110,,
1078,AR,8,DM,P30,0.596391263,3,0.157,,
1079,AR,8,DM,P30,0.547008547,3,0.144,,
1080,AR,8,DM,P30,0.452041785,3,0.119,,
1081,AR,8,DM,P30,0.740697075,4,0.2513,,
1082,AR,8,DM,P30,0.803183258,4,0.2725,,
1083,AR,8,DM,P30,0.75484489,4,0.2561,,
1084,AR,8,DM,P30,0.847100435,4,0.2874,,
1085,AR,8,DM,P100,1.252918759,2,0.518,,
1086,AR,8,DM,P100,1.177182264,2,0.487,,
1087,AR,8,DM,P100,1.395680842,2,0.577,,
1088,AR,8,DM,P100,0.918516726,2,0.380,,
1089,AR,8,DM,P100,1.560091371,4,0.5293,,
1090,AR,8,DM,P100,1.154225923,4,0.3916,,
1091,AR,8,DM,P100,1.094097708,4,0.3712,,
1092,AR,8,DM,P100,1.221133299,4,0.4143,,
1093,AR,8,DM,P100,1.080834132,4,0.3667,,
1094,AR,8,DM,P100,1.146267777,4,0.3889,,
1095,AR,8,DM,P100,1.107066539,4,0.3756,,
1096,AR,8,DM,P100,1.017758456,4,0.3453,,
1097,AR,8,DM,NC10P30,0.993285343,2,0.411,,
1098,AR,8,DM,NC10P30,0.850765229,2,0.352,,
1099,AR,8,DM,NC10P30,0.947553082,2,0.392,,
1100,AR,8,DM,NC10P30,1.246869518,2,0.515,,
1101,AR,8,DM,NC10P30,3.522805983,4,1.1952,,
1102,AR,8,DM,NC10P30,6.124235502,4,2.0778,,
1103,AR,8,DM,NC10P30,2.343526638,4,0.7951,,
1104,AR,8,DM,NC10P30,2.480288851,4,0.8415,,
1105,AR,8,DM,NC10P30,2.187016432,4,0.742,,
1106,AR,8,DM,NC10P30,2.784761624,4,0.9448,,
1107,AR,8,DM,NC10P30,2.036106403,4,0.6908,,
1108,AR,8,DM,NC10P30,1.869280083,4,0.6342,,
1109,AR,8,DM,NC10P100,0.898433247,2,0.371,,
1110,AR,8,DM,NC10P100,0.752767528,2,0.311,,
1111,AR,8,DM,NC10P100,0.749379953,2,0.310,,
1112,AR,8,DM,NC10P100,1.303006473,2,0.539,,
1113,AR,8,DM,NC10P100,5.048412055,4,1.7128,,
1114,AR,8,DM,NC10P100,3.242797141,4,1.1002,,
1115,AR,8,DM,NC10P100,3.352442709,4,1.1374,,
1116,AR,8,DM,NC10P100,4.094613514,4,1.3892,,
1117,AR,8,DM,NC10P100,3.010537175,4,1.0214,,
1118,AR,8,DM,NC10P100,2.434897944,4,0.8261,,
1119,AR,8,DM,NC10P100,2.850490015,4,0.9671,,
1120,AR,8,DM,NC10P100,2.211480363,4,0.7503,,
1121,AR,8,DM,NC100P30,3.352489263,2,1.386,,
1122,AR,8,DM,NC100P30,3.43959833,2,1.422,,
1123,AR,8,DM,NC100P30,3.409352126,2,1.409,,
1124,AR,8,DM,NC100P30,3.21577642,2,1.329,,
1125,AR,8,DM,NC100P30,3.131677842,4,1.0625,,
1126,AR,8,DM,NC100P30,3.899196817,4,1.3229,,
1127,AR,8,DM,NC100P30,3.995873554,4,1.3557,,
1128,AR,8,DM,NC100P30,3.797214649,4,1.2883,,
1129,AR,8,DM,NC100P30,3.672831774,4,1.2461,,
1130,AR,8,DM,NC100P30,3.90656547,4,1.3254,,
1131,AR,8,DM,NC100P30,3.919829047,4,1.3299,,
1132,AR,8,DM,NC100P30,4.486625893,4,1.5222,,
1133,AR,8,DM,NC100P100,4.030730143,2,1.666,,
1134,AR,8,DM,NC100P100,4.436997157,2,1.834,,
1135,AR,8,DM,NC100P100,4.394410501,2,1.816,,
1136,AR,8,DM,NC100P100,4.114451636,2,1.700,,
1137,AR,8,DM,NC100P100,3.709675042,4,1.2586,,
1138,AR,8,DM,NC100P100,3.4334979,4,1.1649,,
1139,AR,8,DM,NC100P100,3.182668926,4,1.0798,,
1140,AR,8,DM,NC100P100,4.622503869,4,1.5683,,
1141,AR,8,DM,NC100P100,4.012674084,4,1.3614,,
1142,AR,8,DM,NC100P100,2.878785646,4,0.9767,,
1143,AR,8,DM,NC100P100,3.192985042,4,1.0833,,
1144,AR,8,DM,NC100P100,3.690221796,4,1.252,,
1145,AR,14,CM,CTRL,1.215814697,2,0.238,,
1146,AR,14,CM,CTRL,1.092273139,2,0.204,,
1147,AR,14,CM,CTRL,1.202365983,2,0.281,,
1148,AR,14,CM,CTRL,1.190825577,2,0.312,,
1149,AR,14,CM,NC10,0.842430683,2,0.218,,
1150,AR,14,CM,NC10,0.950632789,2,0.246,,
1151,AR,14,CM,NC10,1.580523621,2,0.409,,
1152,AR,14,CM,NC10,0.861752488,2,0.223,,
1153,AR,14,CM,CTRL,5.364073714,3,0.194,,
1154,AR,14,CM,CTRL,4.656411371,3,0.153,,
1155,AR,14,CM,CTRL,3.340617737,3,0.139,,
1156,AR,14,CM,CTRL,3.705222888,3,0.148,,
1157,AR,14,CM,NC10,1.829652997,3,0.29,,
1158,AR,14,CM,NC10,0.895899054,3,0.142,,
1159,AR,14,CM,NC10,0.921135647,3,0.146,,
1160,AR,14,CM,NC10,1.129337539,3,0.179,,
1161,AR,14,CM,CTRL,1.054446112,4,0.2526,,
1162,AR,14,CM,CTRL,0.745951192,4,0.2632,,
1163,AR,14,CM,CTRL,0.841761436,4,0.2512,,
1164,AR,14,CM,CTRL,1.399513933,4,0.2293,,
1165,AR,14,CM,NC10,1.057111312,4,0.2633,,
1166,AR,14,CM,NC10,0.944695373,4,0.2353,,
1167,AR,14,CM,NC10,1.198835692,4,0.2986,,
1168,AR,14,CM,NC10,1.259058517,4,0.3136,,
1169,AR,14,CM,NC100,1.151579558,2,0.298,,
1170,AR,14,CM,NC100,1.170901362,2,0.303,,
1171,AR,14,CM,NC100,1.105207226,2,0.286,,
1172,AR,14,CM,NC100,1.268138801,3,0.201,,
1173,AR,14,CM,NC100,1.413249211,3,0.224,,
1174,AR,14,CM,NC100,1.249211356,3,0.198,,
1175,AR,14,CM,NC100,1.438485804,3,0.228,,
1176,AR,14,CM,NC100,0.901736425,4,0.2246,,
1177,AR,14,CM,NC100,0.903743852,4,0.2251,,
1178,AR,14,CM,NC100,0.902940881,4,0.2249,,
1179,AR,14,CM,NC100,1.41563786,4,0.3526,,
1180,AR,14,CM,NC200,1.280757098,3,0.203,,
1181,AR,14,CM,NC200,3.305993691,3,0.524,,
1182,AR,14,CM,NC200,1.728706625,3,0.274,,
1183,AR,14,CM,NC200,1.41955836,3,0.225,,
1184,AR,14,CM,NC200,1.049081602,4,0.2613,,
1185,AR,14,CM,NC200,1.471042859,4,0.3664,,
1186,AR,14,CM,NC200,1.030211784,4,0.2566,,
1187,AR,14,CM,NC200,1.275920907,4,0.3178,,
1188,AR,14,CM,NC200,1.151460403,4,0.2868,,
1189,AR,14,CM,NC200,1.261467429,4,0.3142,,
1190,AR,14,CM,NC200,1.993776975,4,0.4966,,
1191,AR,14,CM,NC200,1.305229349,4,0.3251,,
1192,AR,14,CM,P30,0.946768428,2,0.245,,
1193,AR,14,CM,P30,0.854023766,2,0.221,,
1194,AR,14,CM,P30,0.80126183,3,0.127,,
1195,AR,14,CM,P30,1.047318612,3,0.166,,
1196,AR,14,CM,P30,1.741324921,3,0.276,,
1197,AR,14,CM,P30,1.331230284,3,0.211,,
1198,AR,14,CM,P30,1.070360333,4,0.2666,,
1199,AR,14,CM,P30,1.117735622,4,0.2784,,
1200,AR,14,CM,P30,0.93867309,4,0.2338,,
1201,AR,14,CM,P30,0.980026097,4,0.2441,,
1202,AR,14,CM,P100,0.819244517,2,0.212,,
1203,AR,14,CM,P100,0.973818955,2,0.252,,
1204,AR,14,CM,P100,0.942904067,2,0.244,,
1205,AR,14,CM,P100,0.888803014,2,0.230,,
1206,AR,14,CM,P100,0.951922112,4,0.2371,,
1207,AR,14,CM,P100,0.868413129,4,0.2163,,
1208,AR,14,CM,P100,1.050286058,4,0.2616,,
1209,AR,14,CM,P100,1.013349393,4,0.2524,,
1210,AR,14,CM,P100,1.224932249,4,0.3051,,
1211,AR,14,CM,P100,1.216501054,4,0.303,,
1212,AR,14,CM,P100,0.916189903,4,0.2282,,
1213,AR,14,CM,P100,0.998895915,4,0.2488,,
1214,AR,14,CM,NC10P30,0.846295044,2,0.219,,
1215,AR,14,CM,NC10P30,1.062699256,2,0.275,,
1216,AR,14,CM,NC10P30,0.908124819,2,0.235,,
1217,AR,14,CM,NC10P30,0.973818955,2,0.252,,
1218,AR,14,CM,NC10P30,1.014955335,4,0.2528,,
1219,AR,14,CM,NC10P30,0.898926026,4,0.2239,,
1220,AR,14,CM,NC10P30,0.936264177,4,0.2332,,
1221,AR,14,CM,NC10P30,0.969587474,4,0.2415,,
1222,AR,14,CM,NC10P30,0.822643782,4,0.2049,,
1223,AR,14,CM,NC10P30,0.803372478,4,0.2001,,
1224,AR,14,CM,NC10P30,0.948308742,4,0.2362,,
1225,AR,14,CM,NC10P30,0.952323597,4,0.2372,,
1226,AR,14,CM,NC10P100,0.962225872,2,0.249,,
1227,AR,14,CM,NC10P100,1.128393392,2,0.292,,
1228,AR,14,CM,NC10P100,1.027920008,2,0.266,,
1229,AR,14,CM,NC10P100,0.935175345,2,0.242,,
1230,AR,14,CM,NC10P100,1.252634749,4,0.312,,
1231,AR,14,CM,NC10P100,1.161096055,4,0.2892,,
1232,AR,14,CM,NC10P100,1.195623808,4,0.2978,,
1233,AR,14,CM,NC10P100,1.208872829,4,0.3011,,
1234,AR,14,CM,NC10P100,1.053899428,4,0.2625,,
1235,AR,14,CM,NC10P100,1.748067851,4,0.4354,,
1236,AR,14,CM,NC10P100,1.014553849,4,0.2527,,
1237,AR,14,CM,NC10P100,1.071163304,4,0.2668,,
1238,AR,14,CM,NC100P30,1.28683219,2,0.333,,
1239,AR,14,CM,NC100P30,0.838566322,2,0.217,,
1240,AR,14,CM,NC100P30,0.811515796,2,0.210,,
1241,AR,14,CM,NC100P30,1.01897019,4,0.2538,,
1242,AR,14,CM,NC100P30,0.900531968,4,0.2243,,
1243,AR,14,CM,NC100P30,0.98685135,4,0.2458,,
1244,AR,14,CM,NC100P30,0.908160193,4,0.2262,,
1245,AR,14,CM,NC100P30,1.010137509,4,0.2516,,
1246,AR,14,CM,NC100P30,0.891699287,4,0.2221,,
1247,AR,14,CM,NC100P30,0.912978019,4,0.2274,,
1248,AR,14,CM,NC100P30,0.996085516,4,0.2481,,
1249,AR,14,CM,NC100P100,0.985412037,2,0.255,,
1250,AR,14,CM,NC100P100,1.379576852,2,0.357,,
1251,AR,14,CM,NC100P100,0.942904067,2,0.244,,
1252,AR,14,CM,NC100P100,1.03564873,2,0.268,,
1253,AR,14,CM,NC100P100,0.850346281,4,0.2118,,
1254,AR,14,CM,NC100P100,0.961959249,4,0.2396,,
1255,AR,14,CM,NC100P100,0.927030011,4,0.2309,,
1256,AR,14,CM,NC100P100,1.030613269,4,0.2567,,
1257,AR,14,CM,NC100P100,0.876844324,4,0.2184,,
1258,AR,14,CM,NC100P100,0.788919,4,0.1965,,
1259,AR,14,CM,NC100P100,0.94228646,4,0.2347,,
1260,AR,14,CM,NC100P100,0.91016762,4,0.2267,,
1261,AR,14,DM,CTRL,1.094397882,2,0.743,,
1262,AR,14,DM,CTRL,1.082670945,2,1.486,,
1263,AR,14,DM,CTRL,1.515739323,2,1.877,,
1264,AR,14,DM,CTRL,1.035967492,2,1.787,,
1265,AR,14,DM,NC10,1.812998473,2,2.671,,
1266,AR,14,DM,NC10,1.889699644,2,2.784,,
1267,AR,14,DM,NC10,1.46818259,2,2.163,,
1268,AR,14,DM,NC10,1.9311047,2,2.845,,
1269,AR,14,DM,CTRL,0.533691037,3,0.559,,
1270,AR,14,DM,CTRL,0.454063585,3,0.366,,
1271,AR,14,DM,CTRL,0.408532484,3,0.581,,
1272,AR,14,DM,CTRL,0.487952031,3,0.534,,
1273,AR,14,DM,NC10,2.67254902,3,1.363,,
1274,AR,14,DM,NC10,1.217647059,3,0.621,,
1275,AR,14,DM,NC10,0.784313725,3,0.4,,
1276,AR,14,DM,NC10,1.782352941,3,0.909,,
1277,AR,14,DM,CTRL,0.581235887,4,0.4817,,
1278,AR,14,DM,CTRL,1.017193863,4,0.5189,,
1279,AR,14,DM,CTRL,1.060227523,4,0.5396,,
1280,AR,14,DM,CTRL,0.823732806,4,0.6649,,
1281,AR,14,DM,NC10,2.291596753,4,1.2633,,
1282,AR,14,DM,NC10,2.405333091,4,1.326,,
1283,AR,14,DM,NC10,2.286699016,4,1.2606,,
1284,AR,14,DM,NC10,2.07863589,4,1.1459,,
1285,AR,14,DM,NC100,2.0641439,2,3.041,,
1286,AR,14,DM,NC100,2.003733243,2,2.952,,
1287,AR,14,DM,NC100,2.126590871,2,3.133,,
1288,AR,14,DM,NC100,2.088579671,2,3.077,,
1289,AR,14,DM,NC100,5.125490196,3,2.614,,
1290,AR,14,DM,NC100,5.056862745,3,2.579,,
1291,AR,14,DM,NC100,4.582352941,3,2.337,,
1292,AR,14,DM,NC100,4.903921569,3,2.501,,
1293,AR,14,DM,NC100,5.404562151,4,2.9794,,
1294,AR,14,DM,NC100,5.222257494,4,2.8789,,
1295,AR,14,DM,NC100,5.152963584,4,2.8407,,
1296,AR,14,DM,NC100,4.923314135,4,2.7141,,
1297,AR,14,DM,NC200,5.784313725,3,2.95,,
1298,AR,14,DM,NC200,6.054901961,3,3.088,,
1299,AR,14,DM,NC200,5.694117647,3,2.904,,
1300,AR,14,DM,NC200,5.566666667,3,2.839,,
1301,AR,14,DM,NC200,5.986848669,4,3.3004,,
1302,AR,14,DM,NC200,4.508457666,4,2.4854,,
1303,AR,14,DM,NC200,4.879053104,4,2.6897,,
1304,AR,14,DM,NC200,4.725046483,4,2.6048,,
1305,AR,14,DM,NC200,5.426874065,4,2.9917,,
1306,AR,14,DM,NC200,4.881411274,4,2.691,,
1307,AR,14,DM,NC200,5.213731804,4,2.8742,,
1308,AR,14,DM,NC200,5.453176727,4,3.0062,,
1309,AR,14,DM,P30,1.038520278,2,1.53,,
1310,AR,14,DM,P30,0.956388936,2,1.409,,
1311,AR,14,DM,P30,1.097573392,2,1.617,,
1312,AR,14,DM,P30,1.621584931,2,2.389,,
1313,AR,14,DM,P30,1.180392157,3,0.602,,
1314,AR,14,DM,P30,0.5,3,0.255,,
1315,AR,14,DM,P30,0.898039216,3,0.458,,
1316,AR,14,DM,P30,0.77254902,3,0.394,,
1317,AR,14,DM,P30,1.295360755,4,0.7141,,
1318,AR,14,DM,P30,1.155684549,4,0.6371,,
1319,AR,14,DM,P30,1.125935332,4,0.6207,,
1320,AR,14,DM,P30,0.994059226,4,0.548,,
1321,AR,14,DM,P100,1.095537078,2,1.614,,
1322,AR,14,DM,P100,0.868827422,2,1.28,,
1323,AR,14,DM,P100,0.918377736,2,1.353,,
1324,AR,14,DM,P100,1.33989479,2,1.974,,
1325,AR,14,DM,P100,1.177815065,4,0.6493,,
1326,AR,14,DM,P100,1.166387012,4,0.643,,
1327,AR,14,DM,P100,1.174368509,4,0.6474,,
1328,AR,14,DM,P100,1.183438393,4,0.6524,,
1329,AR,14,DM,P100,1.197950206,4,0.6604,,
1330,AR,14,DM,P100,1.230964582,4,0.6786,,
1331,AR,14,DM,P100,1.277765181,4,0.7044,,
1332,AR,14,DM,P100,1.165661421,4,0.6426,,
1333,AR,14,DM,NC10P30,1.169523163,2,1.723,,
1334,AR,14,DM,NC10P30,0.970643136,2,1.43,,
1335,AR,14,DM,NC10P30,0.942134736,2,1.388,,
1336,AR,14,DM,NC10P30,1.183098592,2,1.743,,
1337,AR,14,DM,NC10P30,1.414357626,4,0.7797,,
1338,AR,14,DM,NC10P30,1.899233595,4,1.047,,
1339,AR,14,DM,NC10P30,2.248786903,4,1.2397,,
1340,AR,14,DM,NC10P30,1.953471498,4,1.0769,,
1341,AR,14,DM,NC10P30,#REF!,4,1.6726,,
1342,AR,14,DM,NC10P30,2.027844542,4,1.1179,,
1343,AR,14,DM,NC10P30,1.954741282,4,1.0776,,
1344,AR,14,DM,NC10P30,1.567457258,4,0.8641,,
1345,AR,14,DM,NC10P100,1.091464449,2,1.608,,
1346,AR,14,DM,NC10P100,0.933989479,2,1.376,,
1347,AR,14,DM,NC10P100,0.881045308,2,1.298,,
1348,AR,14,DM,NC10P100,1.077210249,2,1.587,,
1349,AR,14,DM,NC10P100,1.423790304,4,0.7849,,
1350,AR,14,DM,NC10P100,1.653076958,4,0.9113,,
1351,AR,14,DM,NC10P100,1.45136275,4,0.8001,,
1352,AR,14,DM,NC10P100,1.527186976,4,0.8419,,
1353,AR,14,DM,NC10P100,1.568001451,4,0.8644,,
1354,AR,14,DM,NC10P100,1.294997959,4,0.7139,,
1355,AR,14,DM,NC10P100,1.307151603,4,0.7206,,
1356,AR,14,DM,NC10P100,1.594666909,4,0.8791,,
1357,AR,14,DM,NC100P30,2.297641269,2,3.385,,
1358,AR,14,DM,NC100P30,2.363482097,2,3.482,,
1359,AR,14,DM,NC100P30,2.153062956,2,3.172,,
1360,AR,14,DM,NC100P30,2.058713728,2,3.033,,
1361,AR,14,DM,NC100P30,2.878781008,4,1.587,,
1362,AR,14,DM,NC100P30,2.513264705,4,1.3855,,
1363,AR,14,DM,NC100P30,2.879506598,4,1.5874,,
1364,AR,14,DM,NC100P30,2.745090926,4,1.5133,,
1365,AR,14,DM,NC100P30,2.729672124,4,1.5048,,
1366,AR,14,DM,NC100P30,3.137816879,4,1.7298,,
1367,AR,14,DM,NC100P100,2.328864755,2,3.431,,
1368,AR,14,DM,NC100P100,2.182250127,2,3.215,,
1369,AR,14,DM,NC100P100,2.19311047,2,3.231,,
1370,AR,14,DM,NC100P100,2.232479213,2,3.289,,
1371,AR,14,DM,NC100P100,1.70658927,4,0.9408,,
1372,AR,14,DM,NC100P100,2.371411727,4,1.3073,,
1373,AR,14,DM,NC100P100,2.620652125,4,1.4447,,
1374,AR,14,DM,NC100P100,1.189061721,4,0.6555,,
1375,AR,14,DM,NC100P100,2.402430729,4,1.3244,,
1376,AR,14,DM,NC100P100,2.496576119,4,1.3763,,